[
    {
      "keyword": "hello",
      "response": "Hi there! How can I assist you today?"
    },
    {
      "keyword": "hi",
      "response": "Hello! Need any help?"
    },
    {
      "keyword": "how are you",
      "response": "I'm just a bot, but I'm here to help you!"
    },
    {
      "keyword": "your name",
      "response": "I'm your virtual assistant chatbot."
    },
    {
      "keyword": "help",
      "response": "Sure, I'm here to assist you. Please type your question."
    },
    {
      "keyword": "bye",
      "response": "Goodbye! Have a great day!"
    },
    {
      "keyword": "thanks",
      "response": "You're welcome!"
    },
    {
      "keyword": "time",
      "response": "I'm not sure of the time, but you can check your device clock."
    }

  ]
  