[
  {
    "id": "p001",
    "name": "Paracetamol",
    "description": "Used to relieve pain and reduce fever.",
    "price": 25.50,
    "imageUrl": "https://firebasestorage.googleapis.com/v0/b/rabbit21-2116.appspot.com/o/fever%20medicine%20ptech%20650.jpeg?alt=media&token=eddf0f29-fa03-40bf-a6cc-306ebd31a72d"
  },
  {
    "id": "p002",
    "name": "Cough Syrup",
    "description": "Relieves cough and soothes the throat.",
    "price": 85.00,
    "imageUrl": "https://firebasestorage.googleapis.com/v0/b/rabbit21-2116.appspot.com/o/fever%20medicine%20ptech%20650.jpeg?alt=media&token=eddf0f29-fa03-40bf-a6cc-306ebd31a72d"
  },
  {
    "id": "p003",
    "name": "Vitamin C Tablets",
    "description": "Boosts immunity and overall health.",
    "price": 60.00,
    "imageUrl": "https://firebasestorage.googleapis.com/v0/b/rabbit21-2116.appspot.com/o/fever%20medicine%20ptech%20650.jpeg?alt=media&token=eddf0f29-fa03-40bf-a6cc-306ebd31a72d"
  },
  {
    "id": "p004",
    "name": "Hand Sanitizer",
    "description": "Kills 99.9% of germs instantly.",
    "price": 40.00,
    "imageUrl": "https://firebasestorage.googleapis.com/v0/b/rabbit21-2116.appspot.com/o/fever%20medicine%20ptech%20650.jpeg?alt=media&token=eddf0f29-fa03-40bf-a6cc-306ebd31a72d"
  },
  {
    "id": "p005",
    "name": "Digital Thermometer",
    "description": "Accurate and fast temperature reading.",
    "price": 120.00,
    "imageUrl": "https://firebasestorage.googleapis.com/v0/b/rabbit21-2116.appspot.com/o/fever%20medicine%20ptech%20650.jpeg?alt=media&token=eddf0f29-fa03-40bf-a6cc-306ebd31a72d"
  }
]
