{"v":"5.6.6","ip":0,"op":160,"fr":60,"w":750,"h":500,"layers":[{"ind":8237,"nm":"surface41683","ao":0,"ip":0,"op":264,"st":0,"ty":4,"ks":{"ty":"tr","o":{"k":100},"r":{"k":0},"p":{"k":[0,0]},"a":{"k":[0,0]},"s":{"k":[133.33,133.33]},"sk":{"k":0},"sa":{"k":0}},"shapes":[{"ty":"gr","hd":false,"nm":"surface41683","it":[{"ty":"gr","hd":false,"it":[{"ty":"sh","ks":{"k":{"i":[[0,0],[-3.98,0.76],[-4.02,0.74],[-4,0.64],[0,0],[-1.99,0.27],[1.98,-0.41],[0,0],[4.02,-0.7],[4,-0.64],[4.02,-0.55]],"o":[[3.97,-0.86],[3.98,-0.77],[4.02,-0.73],[0,0],[2.01,-0.29],[-1.98,0.43],[0,0],[-3.98,0.75],[-4.02,0.7],[-4.01,0.65],[0,0]],"v":[[456.16,202.5],[468.1,200.1],[480.1,197.9],[492.1,195.88],[498.1,194.93],[504.1,194.05],[498.14,195.29],[492.14,196.44],[480.14,198.64],[468.14,200.67],[456.16,202.5]],"c":true}}},{"ty":"fl","o":{"a":1,"k":[{"i":{"x":[0.67],"y":[1]},"o":{"x":[0.33],"y":[0]},"t":59,"s":[0]},{"t":109,"s":[100]}],"ix":5},"c":{"k":[0.15,0.2,0.22,1]}},{"ty":"tr","o":{"k":100},"r":{"k":0},"p":{"k":[0,0]},"a":{"k":[0,0]},"s":{"k":[100,100]},"sk":{"k":0},"sa":{"k":0},"hd":false}]},{"ty":"gr","hd":false,"it":[{"ty":"sh","ks":{"k":{"i":[[0,0],[-4.61,0.88],[-4.62,0.85],[-4.64,0.75],[0,0],[-2.34,0.29],[2.3,-0.47],[0,0],[4.62,-0.85],[4.64,-0.75],[4.65,-0.66]],"o":[[4.6,-0.97],[4.61,-0.88],[4.62,-0.85],[0,0],[2.32,-0.34],[-2.3,0.5],[0,0],[-4.61,0.88],[-4.62,0.85],[-4.64,0.75],[0,0]],"v":[[462.17,193.35],[476,190.62],[489.86,188.09],[503.75,185.73],[510.7,184.61],[517.68,183.56],[510.77,184.97],[503.85,186.29],[490,188.83],[476.11,191.18],[462.17,193.35]],"c":true}}},{"ty":"fl","o":{"a":1,"k":[{"i":{"x":[0.67],"y":[1]},"o":{"x":[0.33],"y":[0]},"t":59,"s":[0]},{"t":109,"s":[100]}],"ix":5},"c":{"k":[0.15,0.2,0.22,1]}},{"ty":"tr","o":{"k":100},"r":{"k":0},"p":{"k":[0,0]},"a":{"k":[0,0]},"s":{"k":[100,100]},"sk":{"k":0},"sa":{"k":0},"hd":false}]},{"ty":"gr","hd":false,"it":[{"ty":"sh","ks":{"k":{"i":[[0,0],[-3.92,0.75],[-3.92,0.73],[-3.95,0.63],[0,0],[-1.98,0.26],[1.95,-0.41],[0,0],[3.92,-0.72],[3.95,-0.64],[3.96,-0.54]],"o":[[3.91,-0.85],[3.92,-0.75],[3.92,-0.73],[0,0],[1.98,-0.29],[-1.95,0.43],[0,0],[-3.92,0.75],[-3.92,0.72],[-3.95,0.64],[0,0]],"v":[[443.94,189.08],[455.69,186.72],[467.46,184.55],[479.27,182.56],[485.18,181.62],[491.12,180.76],[485.25,181.98],[479.38,183.12],[467.6,185.29],[455.79,187.29],[443.94,189.08]],"c":true}}},{"ty":"fl","o":{"a":1,"k":[{"i":{"x":[0.67],"y":[1]},"o":{"x":[0.33],"y":[0]},"t":59,"s":[0]},{"t":109,"s":[100]}],"ix":5},"c":{"k":[0.15,0.2,0.22,1]}},{"ty":"tr","o":{"k":100},"r":{"k":0},"p":{"k":[0,0]},"a":{"k":[0,0]},"s":{"k":[100,100]},"sk":{"k":0},"sa":{"k":0},"hd":false}]},{"ty":"gr","hd":false,"it":[{"ty":"sh","ks":{"k":{"i":[[0,0],[-3.34,0.65],[-3.34,0.62],[-3.36,0.52],[0,0],[-1.7,0.21],[1.67,-0.36],[0,0],[3.34,-0.62],[3.36,-0.53],[3.38,-0.43]],"o":[[3.32,-0.75],[3.34,-0.65],[3.34,-0.62],[0,0],[1.68,-0.23],[-1.66,0.38],[0,0],[-3.34,0.65],[-3.34,0.62],[-3.36,0.53],[0,0]],"v":[[450.92,187.85],[460.92,185.8],[470.95,183.94],[481.01,182.26],[486.06,181.51],[491.11,180.8],[486.12,181.87],[481.11,182.86],[471.08,184.72],[461.01,186.41],[450.92,187.85]],"c":true}}},{"ty":"fl","o":{"a":1,"k":[{"i":{"x":[0.67],"y":[1]},"o":{"x":[0.33],"y":[0]},"t":59,"s":[0]},{"t":109,"s":[100]}],"ix":5},"c":{"k":[0.15,0.2,0.22,1]}},{"ty":"tr","o":{"k":100},"r":{"k":0},"p":{"k":[0,0]},"a":{"k":[0,0]},"s":{"k":[100,100]},"sk":{"k":0},"sa":{"k":0},"hd":false}]},{"ty":"gr","hd":false,"it":[{"ty":"sh","ks":{"k":{"i":[[0,0],[2,-1.07],[0.73,-0.72],[0.35,-0.29],[0,0],[-1.17,1.39],[-6.29,4.41],[-11.55,5.7],[0,0],[-0.79,-1.25],[0,0]],"o":[[0,0],[-2,1.07],[-0.73,0.72],[0,0],[0,0],[1.17,-1.39],[12.19,-8.56],[0,0],[-2.02,1.74],[0.78,1.25],[0,0]],"v":[[167.86,225.69],[135.82,241.96],[110.7,258.95],[86.7,281],[80.37,279.5],[97.89,256.49],[117.24,240.56],[161.35,215.87],[161.68,215.8],[155.02,226.95],[167.86,225.69]],"c":true}}},{"ty":"fl","o":{"a":1,"k":[{"i":{"x":[0.67],"y":[1]},"o":{"x":[0.33],"y":[0]},"t":59,"s":[0]},{"t":109,"s":[10]}],"ix":5},"c":{"k":[1,1,1,1]}},{"ty":"tr","o":{"k":100},"r":{"k":0},"p":{"k":[0,0]},"a":{"k":[0,0]},"s":{"k":[100,100]},"sk":{"k":0},"sa":{"k":0},"hd":false}]},{"ty":"gr","hd":false,"it":[{"ty":"sh","ks":{"k":{"i":[[0,0],[0,0],[-2.29,1.49],[-2.49,0.75],[-2.04,0.24],[0,0],[2.93,0.33],[2.89,1.82],[0,0],[0,0],[17.77,-12.46],[1.17,-1.39],[0,0]],"o":[[0,0],[0,0],[2.3,-1.49],[2.49,-0.75],[2.04,-0.24],[0,0],[-2.93,-0.33],[-2.89,-1.82],[0,0],[0,0],[-6.28,4.4],[-1.17,1.39],[0,0]],"v":[[80.35,279.5],[96.92,283.43],[125.88,262.7],[175.03,237],[219.43,227.92],[270.51,223.61],[228.51,221.96],[199.2,216.32],[185.75,210],[170,211.67],[117.23,240.57],[97.88,256.49],[80.35,279.5]],"c":true}}},{"ty":"fl","o":{"a":1,"k":[{"i":{"x":[0.67],"y":[1]},"o":{"x":[0.33],"y":[0]},"t":59,"s":[0]},{"t":109,"s":[20]}],"ix":5},"c":{"k":[1,1,1,1]}},{"ty":"tr","o":{"k":100},"r":{"k":0},"p":{"k":[0,0]},"a":{"k":[0,0]},"s":{"k":[100,100]},"sk":{"k":0},"sa":{"k":0},"hd":false}]},{"ty":"gr","hd":false,"it":[{"ty":"sh","ks":{"k":{"i":[[0,0],[2.36,-0.39],[0,0],[0,0],[-2.28,0.55],[-21.62,-0.65]],"o":[[-1.75,0.07],[-2.36,0.39],[0,0],[4.82,-2.25],[8.21,-2.02],[0,0]],"v":[[323.74,169.27],[271.43,171.75],[261.09,174.75],[253.98,174.6],[264.94,170.23],[323.74,169.27]],"c":true}}},{"ty":"fl","o":{"a":1,"k":[{"i":{"x":[0.67],"y":[1]},"o":{"x":[0.33],"y":[0]},"t":59,"s":[0]},{"t":109,"s":[20]}],"ix":5},"c":{"k":[1,1,1,1]}},{"ty":"tr","o":{"k":100},"r":{"k":0},"p":{"k":[0,0]},"a":{"k":[0,0]},"s":{"k":[100,100]},"sk":{"k":0},"sa":{"k":0},"hd":false}]},{"ty":"gr","hd":false,"it":[{"ty":"sh","ks":{"k":{"i":[[0,0],[0,0],[-0.32,4.78],[-3.28,0.88],[0,0]],"o":[[0,0],[0.79,-4.72],[6.75,-1.87],[3.6,-0.98],[0,0]],"v":[[360.94,280.32],[286.98,309.91],[288.64,295.66],[335.94,282.59],[360.94,280.32]],"c":true}}},{"ty":"fl","o":{"a":1,"k":[{"i":{"x":[0.67],"y":[1]},"o":{"x":[0.33],"y":[0]},"t":59,"s":[0]},{"t":109,"s":[20]}],"ix":5},"c":{"k":[1,1,1,1]}},{"ty":"tr","o":{"k":100},"r":{"k":0},"p":{"k":[0,0]},"a":{"k":[0,0]},"s":{"k":[100,100]},"sk":{"k":0},"sa":{"k":0},"hd":false}]},{"ty":"gr","hd":false,"it":[{"ty":"sh","ks":{"k":{"i":[[0,0],[0,0],[0,0],[0,0]],"o":[[0,0],[0,0],[0,0],[0,0]],"v":[[172.39,246.83],[187.39,240.64],[201.97,241.14],[186.06,247.41]],"c":true}}},{"ty":"fl","o":{"a":1,"k":[{"i":{"x":[0.67],"y":[1]},"o":{"x":[0.33],"y":[0]},"t":59,"s":[0]},{"t":109,"s":[100]}],"ix":5},"c":{"k":[0.15,0.2,0.22,1]}},{"ty":"tr","o":{"k":100},"r":{"k":0},"p":{"k":[0,0]},"a":{"k":[0,0]},"s":{"k":[100,100]},"sk":{"k":0},"sa":{"k":0},"hd":false}]},{"ty":"gr","hd":false,"it":[{"ty":"sh","ks":{"k":{"i":[[0,0],[0,0],[0,0],[0,0],[0,0]],"o":[[0,0],[0,0],[0,0],[0,0],[0,0]],"v":[[117.23,240.56],[110.59,236.75],[119.63,230.71],[124.73,230.36],[129.76,233]],"c":true}}},{"ty":"fl","o":{"a":1,"k":[{"i":{"x":[0.67],"y":[1]},"o":{"x":[0.33],"y":[0]},"t":59,"s":[0]},{"t":109,"s":[100]}],"ix":5},"c":{"k":[0.15,0.2,0.22,1]}},{"ty":"tr","o":{"k":100},"r":{"k":0},"p":{"k":[0,0]},"a":{"k":[0,0]},"s":{"k":[100,100]},"sk":{"k":0},"sa":{"k":0},"hd":false}]},{"ty":"gr","hd":false,"it":[{"ty":"sh","ks":{"k":{"i":[[0,0],[-0.27,0.48],[0.4,0.36],[0.82,0.18]],"o":[[0,0],[0.27,-0.48],[-0.75,-0.38],[0,0]],"v":[[435.25,210.04],[437.77,208.24],[437.13,201.54],[434.76,200.7]],"c":true}}},{"ty":"fl","o":{"a":1,"k":[{"i":{"x":[0.67],"y":[1]},"o":{"x":[0.33],"y":[0]},"t":59,"s":[0]},{"t":109,"s":[100]}],"ix":5},"c":{"k":[0.15,0.2,0.22,1]}},{"ty":"tr","o":{"k":100},"r":{"k":0},"p":{"k":[0,0]},"a":{"k":[0,0]},"s":{"k":[100,100]},"sk":{"k":0},"sa":{"k":0},"hd":false}]},{"ty":"gr","hd":false,"it":[{"ty":"sh","ks":{"k":{"i":[[0,0],[-0.16,0.52],[0.16,0.67],[0,0]],"o":[[0,0],[0.16,-0.52],[-0.16,-0.68],[0,0]],"v":[[429.27,212.2],[432.48,210.56],[432.48,200.66],[429.27,198.86]],"c":true}}},{"ty":"fl","o":{"a":1,"k":[{"i":{"x":[0.67],"y":[1]},"o":{"x":[0.33],"y":[0]},"t":59,"s":[0]},{"t":109,"s":[100]}],"ix":5},"c":{"k":[0.15,0.2,0.22,1]}},{"ty":"tr","o":{"k":100},"r":{"k":0},"p":{"k":[0,0]},"a":{"k":[0,0]},"s":{"k":[100,100]},"sk":{"k":0},"sa":{"k":0},"hd":false}]},{"ty":"gr","hd":false,"it":[{"ty":"sh","ks":{"k":{"i":[[0,0],[-0.28,0.64],[0.16,0.6],[0,0]],"o":[[0,0],[0.28,-0.64],[-0.16,-0.6],[0,0]],"v":[[422.62,212.71],[426.46,210.52],[426.31,198.46],[422.38,196.54]],"c":true}}},{"ty":"fl","o":{"a":1,"k":[{"i":{"x":[0.67],"y":[1]},"o":{"x":[0.33],"y":[0]},"t":59,"s":[0]},{"t":109,"s":[100]}],"ix":5},"c":{"k":[0.15,0.2,0.22,1]}},{"ty":"tr","o":{"k":100},"r":{"k":0},"p":{"k":[0,0]},"a":{"k":[0,0]},"s":{"k":[100,100]},"sk":{"k":0},"sa":{"k":0},"hd":false}]},{"ty":"gr","hd":false,"it":[{"ty":"sh","ks":{"k":{"i":[[0,0],[0,0],[0,0],[0,0]],"o":[[0,0],[0,0],[0,0],[0,0]],"v":[[287.9,231.8],[282.76,234.21],[301.32,247.09],[306.07,244.98]],"c":true}}},{"ty":"fl","o":{"a":1,"k":[{"i":{"x":[0.67],"y":[1]},"o":{"x":[0.33],"y":[0]},"t":59,"s":[0]},{"t":109,"s":[100]}],"ix":5},"c":{"k":[0.22,0.28,0.31,1]}},{"ty":"tr","o":{"k":100},"r":{"k":0},"p":{"k":[0,0]},"a":{"k":[0,0]},"s":{"k":[100,100]},"sk":{"k":0},"sa":{"k":0},"hd":false}]},{"ty":"gr","hd":false,"it":[{"ty":"sh","ks":{"k":{"i":[[0,0],[-1.29,0.17],[-2.56,-2.16],[-0.14,-0.62],[0,0],[2.17,2.17],[0,0]],"o":[[0,0],[1.28,-0.17],[2.57,2.16],[0.14,0.61],[0,0],[-1.33,-1.32],[0,0]],"v":[[266.65,231.8],[283.38,227.3],[306.23,241.25],[318.23,253.46],[307.65,259.67],[289.04,245.82],[266.65,231.8]],"c":true}}},{"ty":"fl","o":{"a":1,"k":[{"i":{"x":[0.67],"y":[1]},"o":{"x":[0.33],"y":[0]},"t":59,"s":[0]},{"t":109,"s":[100]}],"ix":5},"c":{"k":[0.15,0.2,0.22,1]}},{"ty":"tr","o":{"k":100},"r":{"k":0},"p":{"k":[0,0]},"a":{"k":[0,0]},"s":{"k":[100,100]},"sk":{"k":0},"sa":{"k":0},"hd":false}]},{"ty":"gr","hd":false,"it":[{"ty":"sh","ks":{"k":{"i":[[0,0],[0.5,-0.19],[0,0],[23.58,-8.04],[-0.33,1.55],[-0.02,0.11],[-0.04,0.23],[-0.74,0.22],[-0.75,-0.43],[-1.91,0.11],[0,0],[-0.01,-0.18]],"o":[[-2.8,1.27],[-2.73,0.96],[0,0],[0.07,-0.25],[0,-0.1],[0.05,-0.25],[0,0],[0.74,-0.22],[0.75,0.43],[1.91,-0.11],[0,0.43],[0,0]],"v":[[406.82,275.5],[401.57,277.81],[393.71,276.53],[285.94,314.45],[286.8,310.96],[286.86,310.66],[286.99,309.95],[387.22,269.88],[393.32,270.95],[400.15,275.66],[406.8,274.58],[406.82,275.5]],"c":true}}},{"ty":"fl","o":{"a":1,"k":[{"i":{"x":[0.67],"y":[1]},"o":{"x":[0.33],"y":[0]},"t":59,"s":[0]},{"t":109,"s":[100]}],"ix":5},"c":{"k":[0.15,0.2,0.22,1]}},{"ty":"tr","o":{"k":100},"r":{"k":0},"p":{"k":[0,0]},"a":{"k":[0,0]},"s":{"k":[100,100]},"sk":{"k":0},"sa":{"k":0},"hd":false}]},{"ty":"gr","hd":false,"it":[{"ty":"sh","ks":{"k":{"i":[[0,0],[-0.88,0.4],[-1.12,0.07],[-1.28,-0.46],[-0.7,0.15],[1.28,-0.08],[0,0]],"o":[[1.21,0],[0.89,-0.41],[1.12,-0.07],[1.28,0.46],[0.7,-0.15],[-1.29,0.09],[0,0]],"v":[[167.45,332.88],[181.49,322.79],[205.62,316.21],[214.04,327.46],[224.11,329.04],[213.15,331.93],[167.45,332.88]],"c":true}}},{"ty":"fl","o":{"a":1,"k":[{"i":{"x":[0.67],"y":[1]},"o":{"x":[0.33],"y":[0]},"t":59,"s":[0]},{"t":109,"s":[100]}],"ix":5},"c":{"k":[0.15,0.2,0.22,1]}},{"ty":"tr","o":{"k":100},"r":{"k":0},"p":{"k":[0,0]},"a":{"k":[0,0]},"s":{"k":[100,100]},"sk":{"k":0},"sa":{"k":0},"hd":false}]},{"ty":"gr","hd":false,"it":[{"ty":"sh","ks":{"k":{"i":[[0,0],[-0.74,-0.21],[-1.76,0],[1.03,0.12],[0,0]],"o":[[0,0],[0.74,0.22],[1.77,0],[-1.03,-0.12],[0,0]],"v":[[70.3,301.38],[80.35,308.76],[101.78,314.64],[119.72,313.38],[70.3,301.38]],"c":true}}},{"ty":"fl","o":{"a":1,"k":[{"i":{"x":[0.67],"y":[1]},"o":{"x":[0.33],"y":[0]},"t":59,"s":[0]},{"t":109,"s":[100]}],"ix":5},"c":{"k":[0.27,0.35,0.39,1]}},{"ty":"tr","o":{"k":100},"r":{"k":0},"p":{"k":[0,0]},"a":{"k":[0,0]},"s":{"k":[100,100]},"sk":{"k":0},"sa":{"k":0},"hd":false}]},{"ty":"gr","hd":false,"it":[{"ty":"sh","ks":{"k":{"i":[[0,0],[0,0],[0,0]],"o":[[0,0],[0,0],[0,0]],"v":[[119.72,313.38],[139.88,290.79],[141.9,290.87]],"c":true}}},{"ty":"fl","o":{"a":1,"k":[{"i":{"x":[0.67],"y":[1]},"o":{"x":[0.33],"y":[0]},"t":59,"s":[0]},{"t":109,"s":[100]}],"ix":5},"c":{"k":[0.27,0.35,0.39,1]}},{"ty":"tr","o":{"k":100},"r":{"k":0},"p":{"k":[0,0]},"a":{"k":[0,0]},"s":{"k":[100,100]},"sk":{"k":0},"sa":{"k":0},"hd":false}]},{"ty":"gr","hd":false,"it":[{"ty":"sh","ks":{"k":{"i":[[0,0],[0,0],[0,0]],"o":[[0,0],[0,0],[0,0]],"v":[[70.3,301.38],[67.71,277.72],[69.02,278.27]],"c":true}}},{"ty":"fl","o":{"a":1,"k":[{"i":{"x":[0.67],"y":[1]},"o":{"x":[0.33],"y":[0]},"t":59,"s":[0]},{"t":109,"s":[100]}],"ix":5},"c":{"k":[0.27,0.35,0.39,1]}},{"ty":"tr","o":{"k":100},"r":{"k":0},"p":{"k":[0,0]},"a":{"k":[0,0]},"s":{"k":[100,100]},"sk":{"k":0},"sa":{"k":0},"hd":false}]},{"ty":"gr","hd":false,"it":[{"ty":"sh","ks":{"k":{"i":[[0,0],[0.21,0.54],[0.53,0.75],[-0.1,0.75],[-3.25,-1.22],[-4.49,-0.75],[-0.43,0.11],[0.86,-1.5],[0.75,-0.09],[0.64,-0.45],[1.5,0],[0.72,1.25]],"o":[[-0.55,-0.96],[-0.21,-0.54],[-0.53,-0.75],[0.1,-0.75],[3.25,1.22],[4.48,0.75],[0.43,-0.11],[-0.86,1.5],[-0.75,0.09],[-0.64,0.45],[-8.41,0],[0,0]],"v":[[71.37,316.88],[70.3,301.38],[58.12,289.3],[54.37,272.63],[72.37,279.63],[113.94,289.3],[158.3,291.44],[156.48,305.34],[147.61,310.68],[119.75,313.38],[109.5,327.46],[71.37,316.88]],"c":true}}},{"ty":"fl","o":{"a":1,"k":[{"i":{"x":[0.67],"y":[1]},"o":{"x":[0.33],"y":[0]},"t":59,"s":[0]},{"t":109,"s":[100]}],"ix":5},"c":{"k":[0.15,0.2,0.22,1]}},{"ty":"tr","o":{"k":100},"r":{"k":0},"p":{"k":[0,0]},"a":{"k":[0,0]},"s":{"k":[100,100]},"sk":{"k":0},"sa":{"k":0},"hd":false}]},{"ty":"gr","hd":false,"it":[{"ty":"sh","ks":{"k":{"i":[[0,0],[0,0],[0.98,0.22],[0.92,0.75],[6.52,0.18],[1.46,1.22],[-1.28,1.04],[-7.61,0.42],[-7.66,2.07],[0.9,-0.33]],"o":[[0,0],[-3.68,-0.82],[-2.02,-0.46],[-0.92,-0.75],[-6.52,-0.18],[-1.45,-1.22],[1.28,-1.04],[5.81,-0.33],[-1.38,15.25],[0,0]],"v":[[228.39,328.14],[222.53,329.37],[214.04,327.46],[205.62,316.21],[184.89,316.79],[150.07,309.56],[154.64,304.31],[195.81,303.03],[226.27,296.2],[228.39,328.14]],"c":true}}},{"ty":"fl","o":{"a":1,"k":[{"i":{"x":[0.67],"y":[1]},"o":{"x":[0.33],"y":[0]},"t":59,"s":[0]},{"t":109,"s":[10]}],"ix":5},"c":{"k":[0,0,0,1]}},{"ty":"tr","o":{"k":100},"r":{"k":0},"p":{"k":[0,0]},"a":{"k":[0,0]},"s":{"k":[100,100]},"sk":{"k":0},"sa":{"k":0},"hd":false}]},{"ty":"gr","hd":false,"it":[{"ty":"sh","ks":{"k":{"i":[[0,0],[-1.77,1.06],[-1.88,0.6],[0,0],[2.72,-1.5],[0,0]],"o":[[0,0],[1.77,-1.06],[1.88,-0.6],[0,0],[-2.72,1.5],[0,0]],"v":[[103.12,279.05],[126.89,262.05],[175.03,236.98],[187.39,240.64],[126.95,266.14],[103.12,279.05]],"c":true}}},{"ty":"fl","o":{"a":1,"k":[{"i":{"x":[0.67],"y":[1]},"o":{"x":[0.33],"y":[0]},"t":59,"s":[0]},{"t":109,"s":[10]}],"ix":5},"c":{"k":[0,0,0,1]}},{"ty":"tr","o":{"k":100},"r":{"k":0},"p":{"k":[0,0]},"a":{"k":[0,0]},"s":{"k":[100,100]},"sk":{"k":0},"sa":{"k":0},"hd":false}]},{"ty":"gr","hd":false,"it":[{"ty":"sh","ks":{"k":{"i":[[0,0],[0,0],[4.16,-2.38],[2.66,-0.26],[0,0]],"o":[[0,0],[0,0],[-4.16,2.39],[-2.66,0.26],[0,0]],"v":[[310.79,245.59],[397.65,214.84],[368.82,235.45],[334.84,253.5],[318.25,253.5]],"c":true}}},{"ty":"fl","o":{"a":1,"k":[{"i":{"x":[0.67],"y":[1]},"o":{"x":[0.33],"y":[0]},"t":59,"s":[0]},{"t":109,"s":[10]}],"ix":5},"c":{"k":[0,0,0,1]}},{"ty":"tr","o":{"k":100},"r":{"k":0},"p":{"k":[0,0]},"a":{"k":[0,0]},"s":{"k":[100,100]},"sk":{"k":0},"sa":{"k":0},"hd":false}]},{"ty":"gr","hd":false,"it":[{"ty":"sh","ks":{"k":{"i":[[0,0],[0,0],[0,0],[0.82,-1.13],[0,0],[0,0],[0.26,1.58],[-1.55,1.46],[-0.98,0.56],[-0.04,0]],"o":[[0,0],[0,0],[-2.19,1.84],[-0.82,1.13],[0,0],[-0.79,-1.39],[0.21,-0.91],[5.77,-5.57],[-0.03,0.02],[0,0]],"v":[[94.54,225],[94.49,225],[94.34,225.14],[73.83,242.95],[63.84,258.95],[63.83,258.95],[62.23,254.45],[71.98,240.34],[94.53,224.98],[94.54,225]],"c":true}}},{"ty":"fl","o":{"a":1,"k":[{"i":{"x":[0.67],"y":[1]},"o":{"x":[0.33],"y":[0]},"t":59,"s":[0]},{"t":109,"s":[100]}],"ix":5},"c":{"k":[0.27,0.35,0.39,1]}},{"ty":"tr","o":{"k":100},"r":{"k":0},"p":{"k":[0,0]},"a":{"k":[0,0]},"s":{"k":[100,100]},"sk":{"k":0},"sa":{"k":0},"hd":false}]},{"ty":"gr","hd":false,"it":[{"ty":"sh","ks":{"k":{"i":[[0,0],[-1.92,-2.14],[-0.96,1.39],[-0.48,1.07],[-0.61,0.32],[5.95,-5.75],[0.2,-0.91]],"o":[[0.53,2.82],[0,0],[0.96,-1.39],[0.48,-1.07],[0,0],[-1.5,1.47],[0,0]],"v":[[62.25,254.46],[66,262.05],[79.25,248.32],[85.67,235.92],[94.53,224.95],[71.94,240.35],[62.25,254.46]],"c":true}}},{"ty":"fl","o":{"a":1,"k":[{"i":{"x":[0.67],"y":[1]},"o":{"x":[0.33],"y":[0]},"t":59,"s":[0]},{"t":109,"s":[100]}],"ix":5},"c":{"k":[0.22,0.28,0.31,1]}},{"ty":"tr","o":{"k":100},"r":{"k":0},"p":{"k":[0,0]},"a":{"k":[0,0]},"s":{"k":[100,100]},"sk":{"k":0},"sa":{"k":0},"hd":false}]},{"ty":"gr","hd":false,"it":[{"ty":"sh","ks":{"k":{"i":[[0,0],[1.13,-0.95],[2.29,-0.5],[4.39,0.96],[-1.22,1.04],[-2.36,0.86],[-5.12,1.3]],"o":[[-1.79,2.48],[-1.43,1.24],[-1.65,0.36],[0.93,-1.3],[2.57,-1.72],[1.3,-0.45],[0,0]],"v":[[216.5,239.16],[209.46,248.26],[172.39,269.82],[158.24,267.57],[161.48,264.06],[204.02,242.46],[216.5,239.16]],"c":true}}},{"ty":"fl","o":{"a":1,"k":[{"i":{"x":[0.67],"y":[1]},"o":{"x":[0.33],"y":[0]},"t":59,"s":[0]},{"t":109,"s":[100]}],"ix":5},"c":{"k":[0.27,0.35,0.39,1]}},{"ty":"tr","o":{"k":100},"r":{"k":0},"p":{"k":[0,0]},"a":{"k":[0,0]},"s":{"k":[100,100]},"sk":{"k":0},"sa":{"k":0},"hd":false}]},{"ty":"gr","hd":false,"it":[{"ty":"sh","ks":{"k":{"i":[[0,0],[-2.57,1.71],[-2.36,0.86],[0,0],[0.86,-1.18],[4.43,-1.23],[0,0]],"o":[[0,0],[2.57,-1.71],[2.36,-0.86],[0,0],[-0.86,1.18],[-4.43,1.23],[0,0]],"v":[[151.21,277.55],[161.48,264.09],[204.02,242.49],[224.11,237.24],[222.24,244.19],[175.11,275.03],[151.21,277.55]],"c":true}}},{"ty":"fl","o":{"a":1,"k":[{"i":{"x":[0.67],"y":[1]},"o":{"x":[0.33],"y":[0]},"t":59,"s":[0]},{"t":109,"s":[100]}],"ix":5},"c":{"k":[0.22,0.28,0.31,1]}},{"ty":"tr","o":{"k":100},"r":{"k":0},"p":{"k":[0,0]},"a":{"k":[0,0]},"s":{"k":[100,100]},"sk":{"k":0},"sa":{"k":0},"hd":false}]},{"ty":"gr","hd":false,"it":[{"ty":"sh","ks":{"k":{"i":[[0,0],[0,0],[-1.93,0.88],[-0.64,-1.04],[0,0],[0.2,-1.31],[1.76,-0.08],[0,0]],"o":[[0,0],[0,0],[1.93,-0.89],[0,0],[0.56,1.2],[-0.16,0.8],[-1.76,0.07],[0,0]],"v":[[335.8,214.43],[335.27,212.62],[345.82,203.66],[366.98,205.51],[366.98,205.51],[367.55,209.36],[349.43,215.21],[335.8,214.43]],"c":true}}},{"ty":"fl","o":{"a":1,"k":[{"i":{"x":[0.67],"y":[1]},"o":{"x":[0.33],"y":[0]},"t":59,"s":[0]},{"t":109,"s":[100]}],"ix":5},"c":{"k":[1,0.78,0.15,1]}},{"ty":"tr","o":{"k":100},"r":{"k":0},"p":{"k":[0,0]},"a":{"k":[0,0]},"s":{"k":[100,100]},"sk":{"k":0},"sa":{"k":0},"hd":false}]},{"ty":"gr","hd":false,"it":[{"ty":"sh","ks":{"k":{"i":[[0,0],[0,0],[-0.11,0.38],[0,0]],"o":[[0,0],[0.11,-0.36],[0,0],[0,0]],"v":[[395.84,190.5],[336.64,207.6],[336.97,206.47],[394.72,189.8]],"c":true}}},{"ty":"fl","o":{"a":1,"k":[{"i":{"x":[0.67],"y":[1]},"o":{"x":[0.33],"y":[0]},"t":59,"s":[0]},{"t":109,"s":[100]}],"ix":5},"c":{"k":[0.27,0.35,0.39,1]}},{"ty":"tr","o":{"k":100},"r":{"k":0},"p":{"k":[0,0]},"a":{"k":[0,0]},"s":{"k":[100,100]},"sk":{"k":0},"sa":{"k":0},"hd":false}]},{"ty":"gr","hd":false,"it":[{"ty":"sh","ks":{"k":{"i":[[0,0],[0,0],[-0.45,1.54],[0,0],[-1.85,-1.14]],"o":[[0,0],[0.43,-1.5],[0,0],[1.21,0.68],[0,0]],"v":[[388.85,186.17],[338.6,200.67],[339.94,196.05],[384.09,183.3],[388.85,186.17]],"c":true}}},{"ty":"fl","o":{"a":1,"k":[{"i":{"x":[0.67],"y":[1]},"o":{"x":[0.33],"y":[0]},"t":59,"s":[0]},{"t":109,"s":[100]}],"ix":5},"c":{"k":[0.27,0.35,0.39,1]}},{"ty":"tr","o":{"k":100},"r":{"k":0},"p":{"k":[0,0]},"a":{"k":[0,0]},"s":{"k":[100,100]},"sk":{"k":0},"sa":{"k":0},"hd":false}]},{"ty":"gr","hd":false,"it":[{"ty":"sh","ks":{"k":{"i":[[0,0],[0,0],[1.18,-0.21],[0,0],[0,0],[0.12,0.62],[-1.43,4.92],[-0.09,0.11],[-2.46,0.42],[-1.39,-0.54],[-4.69,-2.94]],"o":[[-0.13,2.79],[0,0],[-1.18,0.21],[0,0],[-0.23,-0.59],[0,-0.39],[0.07,-0.12],[0.75,-0.75],[2.46,-0.42],[1,0.37],[0,0]],"v":[[396.35,190.84],[394.9,201.12],[348.4,213.63],[335.79,214.43],[335.79,214.43],[335.26,212.62],[343.89,182.46],[344.13,182.11],[356.95,178.69],[382.5,182.44],[396.35,190.84]],"c":true}}},{"ty":"fl","o":{"a":1,"k":[{"i":{"x":[0.67],"y":[1]},"o":{"x":[0.33],"y":[0]},"t":59,"s":[0]},{"t":109,"s":[100]}],"ix":5},"c":{"k":[0.22,0.28,0.31,1]}},{"ty":"tr","o":{"k":100},"r":{"k":0},"p":{"k":[0,0]},"a":{"k":[0,0]},"s":{"k":[100,100]},"sk":{"k":0},"sa":{"k":0},"hd":false}]},{"ty":"gr","hd":false,"it":[{"ty":"sh","ks":{"k":{"i":[[0,0],[-2.45,0.21],[-0.3,0.43],[0,0],[1.36,0.55],[2.46,-0.42],[0.75,-0.75],[0,0]],"o":[[0,0],[2.45,-0.22],[0.3,-0.43],[0,0],[-1.36,-0.55],[-2.46,0.42],[-0.75,0.75],[0,0]],"v":[[322.87,220.26],[348.41,217.38],[397.05,202.3],[399.62,192.9],[382.51,182.4],[356.96,178.65],[344.14,182.07],[322.87,220.26]],"c":true}}},{"ty":"fl","o":{"a":1,"k":[{"i":{"x":[0.67],"y":[1]},"o":{"x":[0.33],"y":[0]},"t":59,"s":[0]},{"t":109,"s":[100]}],"ix":5},"c":{"k":[0.15,0.2,0.22,1]}},{"ty":"tr","o":{"k":100},"r":{"k":0},"p":{"k":[0,0]},"a":{"k":[0,0]},"s":{"k":[100,100]},"sk":{"k":0},"sa":{"k":0},"hd":false}]},{"ty":"gr","hd":false,"it":[{"ty":"sh","ks":{"k":{"i":[[0,0],[0,0],[0,0],[1.37,-0.05]],"o":[[0,0],[0,0],[-1.22,0],[0,0]],"v":[[318.65,211.76],[317.94,213.01],[305.19,216.68],[301.29,216.78]],"c":true}}},{"ty":"fl","o":{"a":1,"k":[{"i":{"x":[0.67],"y":[1]},"o":{"x":[0.33],"y":[0]},"t":59,"s":[0]},{"t":109,"s":[100]}],"ix":5},"c":{"k":[0.27,0.35,0.39,1]}},{"ty":"tr","o":{"k":100},"r":{"k":0},"p":{"k":[0,0]},"a":{"k":[0,0]},"s":{"k":[100,100]},"sk":{"k":0},"sa":{"k":0},"hd":false}]},{"ty":"gr","hd":false,"it":[{"ty":"sh","ks":{"k":{"i":[[0,0],[0,0],[0,0],[5.23,-0.11]],"o":[[0,0],[0,0],[-5.25,0.12],[0,0]],"v":[[325.16,200.32],[322.29,205.39],[281.32,217.22],[265.48,217.57]],"c":true}}},{"ty":"fl","o":{"a":1,"k":[{"i":{"x":[0.67],"y":[1]},"o":{"x":[0.33],"y":[0]},"t":59,"s":[0]},{"t":109,"s":[100]}],"ix":5},"c":{"k":[0.27,0.35,0.39,1]}},{"ty":"tr","o":{"k":100},"r":{"k":0},"p":{"k":[0,0]},"a":{"k":[0,0]},"s":{"k":[100,100]},"sk":{"k":0},"sa":{"k":0},"hd":false}]},{"ty":"gr","hd":false,"it":[{"ty":"sh","ks":{"k":{"i":[[0,0],[0,0],[-5.87,3.02],[0,0],[-4.1,-0.18]],"o":[[0,0],[5.9,-3.14],[0,0],[4.59,0.14],[0,0]],"v":[[278.94,175.36],[217.99,192.96],[235.91,183.55],[265.91,174.89],[278.94,175.36]],"c":true}}},{"ty":"fl","o":{"a":1,"k":[{"i":{"x":[0.67],"y":[1]},"o":{"x":[0.33],"y":[0]},"t":59,"s":[0]},{"t":109,"s":[100]}],"ix":5},"c":{"k":[0.27,0.35,0.39,1]}},{"ty":"tr","o":{"k":100},"r":{"k":0},"p":{"k":[0,0]},"a":{"k":[0,0]},"s":{"k":[100,100]},"sk":{"k":0},"sa":{"k":0},"hd":false}]},{"ty":"gr","hd":false,"it":[{"ty":"sh","ks":{"k":{"i":[[0,0],[0,0],[0,0],[3.42,0.79],[3.01,1.4],[0,0],[-2.95,-0.53]],"o":[[0,0],[0,0],[-3.48,-0.43],[-2.37,-0.75],[0,0],[18.97,1.41],[0,0]],"v":[[335.49,180.32],[212.66,215.79],[212.66,215.79],[202.3,213.95],[191.28,209.21],[303.6,176.77],[335.49,180.32]],"c":true}}},{"ty":"fl","o":{"a":1,"k":[{"i":{"x":[0.67],"y":[1]},"o":{"x":[0.33],"y":[0]},"t":59,"s":[0]},{"t":109,"s":[100]}],"ix":5},"c":{"k":[0.27,0.35,0.39,1]}},{"ty":"tr","o":{"k":100},"r":{"k":0},"p":{"k":[0,0]},"a":{"k":[0,0]},"s":{"k":[100,100]},"sk":{"k":0},"sa":{"k":0},"hd":false}]},{"ty":"gr","hd":false,"it":[{"ty":"sh","ks":{"k":{"i":[[0,0],[0,0],[4,0.41],[3.32,1.06],[0.43,0.21],[-19.46,9.23],[0,0],[0,0]],"o":[[0,0],[-6.23,0.16],[-4.18,-0.42],[-3.32,-1.06],[10.75,-5.57],[0,0],[59.42,1.12],[0,0]],"v":[[336.44,180.5],[316,216.42],[229.75,218.01],[202.29,213.95],[189.32,208.29],[251.79,175.63],[253.98,174.61],[336.44,180.5]],"c":true}}},{"ty":"fl","o":{"a":1,"k":[{"i":{"x":[0.67],"y":[1]},"o":{"x":[0.33],"y":[0]},"t":59,"s":[0]},{"t":109,"s":[100]}],"ix":5},"c":{"k":[0.22,0.28,0.31,1]}},{"ty":"tr","o":{"k":100},"r":{"k":0},"p":{"k":[0,0]},"a":{"k":[0,0]},"s":{"k":[100,100]},"sk":{"k":0},"sa":{"k":0},"hd":false}]},{"ty":"gr","hd":false,"it":[{"ty":"sh","ks":{"k":{"i":[[0,0],[0,0],[4.16,0.44],[3.32,1.07],[0,0],[-22.74,10.51],[0,0]],"o":[[0,0],[0,0],[-4.16,-0.43],[-3.32,-1.07],[1.32,0],[59.41,1.12],[0,0]],"v":[[336.44,180.5],[313.36,221.05],[227.53,221.86],[199.2,217.27],[185.75,210],[254,174.61],[336.44,180.5]],"c":true}}},{"ty":"fl","o":{"a":1,"k":[{"i":{"x":[0.67],"y":[1]},"o":{"x":[0.33],"y":[0]},"t":59,"s":[0]},{"t":109,"s":[100]}],"ix":5},"c":{"k":[0.15,0.2,0.22,1]}},{"ty":"tr","o":{"k":100},"r":{"k":0},"p":{"k":[0,0]},"a":{"k":[0,0]},"s":{"k":[100,100]},"sk":{"k":0},"sa":{"k":0},"hd":false}]},{"ty":"gr","hd":false,"it":[{"ty":"sh","ks":{"k":{"i":[[0,0],[0,0],[2.4,-13.47],[0,0],[5.77,-0.53],[4.8,-16.68],[-0.09,-10.8],[0.5,-0.19],[0,0],[23.58,-8.04],[0.75,12.66],[19.38,0],[2.73,-16.36],[0.97,-0.36],[1.22,-0.18],[4.48,0.21],[12.23,3.61],[0.46,1.5],[-0.08,0.48],[0,0],[0,0],[-33.52,10.3],[-5.29,0.17],[-1.61,0],[-12.99,3.2],[-5.61,-0.32],[-19.25,-11.53],[-0.95,-0.17],[-0.64,-0.48],[0.16,-1.12]],"o":[[-0.15,1.12],[0,0],[0,0],[3.38,-33.2],[-5.21,0.48],[-3.03,10.37],[-2.8,1.27],[-2.73,0.96],[0,0],[1.41,-3.79],[-0.75,-12.66],[-19.37,0],[-2.73,16.36],[-7.83,1.66],[-4.27,0.65],[-4.48,-0.21],[-12.23,-3.61],[-0.46,-1.5],[0.08,-0.48],[0,0],[0,0],[18.27,-5.61],[5.29,-0.17],[1.61,0],[12.99,-3.2],[5.61,0.32],[0,0],[0.95,0.16],[0.64,0.48],[0,0]],"v":[[449.79,208.39],[448.19,215.45],[446.11,257.3],[444.79,257.91],[430.71,219.19],[411.26,243.56],[406.82,275.5],[401.57,277.81],[393.71,276.53],[285.94,314.45],[288.9,280.38],[262.91,248.8],[226.8,292.09],[228.41,328.14],[213.45,331.2],[142.05,333.34],[84.3,320.73],[53.1,306.4],[52.84,292.57],[55.72,289.2],[51.55,272.05],[107.34,219.29],[139.41,214.79],[185.75,210],[264.94,170.25],[348.46,170.25],[413.57,188.53],[430.39,191.09],[444.83,195.91],[449.79,208.39]],"c":true}}},{"ty":"fl","o":{"a":1,"k":[{"i":{"x":[0.67],"y":[1]},"o":{"x":[0.33],"y":[0]},"t":59,"s":[0]},{"t":109,"s":[100]}],"ix":5},"c":{"k":[1,0.78,0.15,1]}},{"ty":"tr","o":{"k":100},"r":{"k":0},"p":{"k":[0,0]},"a":{"k":[0,0]},"s":{"k":[100,100]},"sk":{"k":0},"sa":{"k":0},"hd":false}]},{"ty":"gr","hd":false,"it":[{"ty":"sh","ks":{"k":{"i":[[0,0],[0.62,0.45],[-1.63,4.85],[0,0],[-0.52,-2.37]],"o":[[-3,4.61],[-0.62,-0.45],[0,0],[1.47,1.93],[0,0]],"v":[[439.25,237.95],[431.46,248.29],[436.22,231.44],[436.22,231.43],[439.25,237.95]],"c":true}}},{"ty":"fl","o":{"a":1,"k":[{"i":{"x":[0.67],"y":[1]},"o":{"x":[0.33],"y":[0]},"t":59,"s":[0]},{"t":109,"s":[100]}],"ix":5},"c":{"k":[0.15,0.2,0.22,1]}},{"ty":"tr","o":{"k":100},"r":{"k":0},"p":{"k":[0,0]},"a":{"k":[0,0]},"s":{"k":[100,100]},"sk":{"k":0},"sa":{"k":0},"hd":false}]},{"ty":"gr","hd":false,"it":[{"ty":"sh","ks":{"k":{"i":[[0,0],[0.28,0.6],[-3.55,3.46],[0,0],[-0.03,-1.85]],"o":[[-3.75,1.71],[-0.28,-0.6],[0,0],[0.24,1.84],[0,0]],"v":[[440.4,247.5],[432.7,250.13],[439.99,241.96],[440,241.96],[440.4,247.5]],"c":true}}},{"ty":"fl","o":{"a":1,"k":[{"i":{"x":[0.67],"y":[1]},"o":{"x":[0.33],"y":[0]},"t":59,"s":[0]},{"t":109,"s":[100]}],"ix":5},"c":{"k":[0.15,0.2,0.22,1]}},{"ty":"tr","o":{"k":100},"r":{"k":0},"p":{"k":[0,0]},"a":{"k":[0,0]},"s":{"k":[100,100]},"sk":{"k":0},"sa":{"k":0},"hd":false}]},{"ty":"gr","hd":false,"it":[{"ty":"sh","ks":{"k":{"i":[[0,0],[0.16,-1.5],[0,0.65],[-3.77,0.73]],"o":[[-0.04,1.5],[-3.67,-0.75],[0,-0.65],[0,0]],"v":[[440.39,250.33],[440.09,254.83],[433.02,252.5],[440.39,250.33]],"c":true}}},{"ty":"fl","o":{"a":1,"k":[{"i":{"x":[0.67],"y":[1]},"o":{"x":[0.33],"y":[0]},"t":59,"s":[0]},{"t":109,"s":[100]}],"ix":5},"c":{"k":[0.15,0.2,0.22,1]}},{"ty":"tr","o":{"k":100},"r":{"k":0},"p":{"k":[0,0]},"a":{"k":[0,0]},"s":{"k":[100,100]},"sk":{"k":0},"sa":{"k":0},"hd":false}]},{"ty":"gr","hd":false,"it":[{"ty":"sh","ks":{"k":{"i":[[0,0],[0.43,-1.59],[-0.3,0.64],[-3.61,-1.7]],"o":[[-0.26,1.62],[-3.28,-3.32],[0.23,-0.5],[0,0]],"v":[[439.73,257.45],[438.7,262.27],[432.38,254.71],[439.73,257.45]],"c":true}}},{"ty":"fl","o":{"a":1,"k":[{"i":{"x":[0.67],"y":[1]},"o":{"x":[0.33],"y":[0]},"t":59,"s":[0]},{"t":109,"s":[100]}],"ix":5},"c":{"k":[0.15,0.2,0.22,1]}},{"ty":"tr","o":{"k":100},"r":{"k":0},"p":{"k":[0,0]},"a":{"k":[0,0]},"s":{"k":[100,100]},"sk":{"k":0},"sa":{"k":0},"hd":false}]},{"ty":"gr","hd":false,"it":[{"ty":"sh","ks":{"k":{"i":[[0,0],[1.22,-1.8],[-0.69,0.5],[-2.82,-4.44]],"o":[[-0.71,2.05],[-1.76,-5.48],[0.5,-0.35],[0,0]],"v":[[437.68,265.54],[434.77,271.34],[430.89,256.24],[437.68,265.54]],"c":true}}},{"ty":"fl","o":{"a":1,"k":[{"i":{"x":[0.67],"y":[1]},"o":{"x":[0.33],"y":[0]},"t":59,"s":[0]},{"t":109,"s":[100]}],"ix":5},"c":{"k":[0.15,0.2,0.22,1]}},{"ty":"tr","o":{"k":100},"r":{"k":0},"p":{"k":[0,0]},"a":{"k":[0,0]},"s":{"k":[100,100]},"sk":{"k":0},"sa":{"k":0},"hd":false}]},{"ty":"gr","hd":false,"it":[{"ty":"sh","ks":{"k":{"i":[[0,0],[2.04,0.48],[-1.01,0],[-0.52,-5.03]],"o":[[-1.7,1.23],[0.41,-3.7],[0.79,-0.02],[0,0]],"v":[[431.72,274.5],[425.84,275.69],[429,256.67],[431.72,274.5]],"c":true}}},{"ty":"fl","o":{"a":1,"k":[{"i":{"x":[0.67],"y":[1]},"o":{"x":[0.33],"y":[0]},"t":59,"s":[0]},{"t":109,"s":[100]}],"ix":5},"c":{"k":[0.15,0.2,0.22,1]}},{"ty":"tr","o":{"k":100},"r":{"k":0},"p":{"k":[0,0]},"a":{"k":[0,0]},"s":{"k":[100,100]},"sk":{"k":0},"sa":{"k":0},"hd":false}]},{"ty":"gr","hd":false,"it":[{"ty":"sh","ks":{"k":{"i":[[0,0],[0.7,2.27],[-0.7,-0.5],[1.48,-4.14]],"o":[[-1.63,-1.72],[3.09,-4.7],[0.7,0.5],[0,0]],"v":[[422.14,273.59],[418.6,267.52],[427.64,255.52],[422.14,273.59]],"c":true}}},{"ty":"fl","o":{"a":1,"k":[{"i":{"x":[0.67],"y":[1]},"o":{"x":[0.33],"y":[0]},"t":59,"s":[0]},{"t":109,"s":[100]}],"ix":5},"c":{"k":[0.15,0.2,0.22,1]}},{"ty":"tr","o":{"k":100},"r":{"k":0},"p":{"k":[0,0]},"a":{"k":[0,0]},"s":{"k":[100,100]},"sk":{"k":0},"sa":{"k":0},"hd":false}]},{"ty":"gr","hd":false,"it":[{"ty":"sh","ks":{"k":{"i":[[0,0],[0.11,2.02],[-0.33,-0.69],[3.98,-3.62]],"o":[[-0.39,-1.98],[4.43,-1.99],[0.33,0.69],[0,0]],"v":[[417.52,263.48],[416.77,257.48],[426.69,254.04],[417.52,263.48]],"c":true}}},{"ty":"fl","o":{"a":1,"k":[{"i":{"x":[0.67],"y":[1]},"o":{"x":[0.33],"y":[0]},"t":59,"s":[0]},{"t":109,"s":[100]}],"ix":5},"c":{"k":[0.15,0.2,0.22,1]}},{"ty":"tr","o":{"k":100},"r":{"k":0},"p":{"k":[0,0]},"a":{"k":[0,0]},"s":{"k":[100,100]},"sk":{"k":0},"sa":{"k":0},"hd":false}]},{"ty":"gr","hd":false,"it":[{"ty":"sh","ks":{"k":{"i":[[0,0],[4.52,-0.71],[0,0.23],[-0.2,1.49],[0,-0.74]],"o":[[0,0.67],[0,-0.26],[0.05,-1.42],[4.43,0.9],[0,0]],"v":[[426.29,251.94],[416.78,254.26],[416.78,253.51],[417.16,249.14],[426.29,251.94]],"c":true}}},{"ty":"fl","o":{"a":1,"k":[{"i":{"x":[0.67],"y":[1]},"o":{"x":[0.33],"y":[0]},"t":59,"s":[0]},{"t":109,"s":[100]}],"ix":5},"c":{"k":[0.15,0.2,0.22,1]}},{"ty":"tr","o":{"k":100},"r":{"k":0},"p":{"k":[0,0]},"a":{"k":[0,0]},"s":{"k":[100,100]},"sk":{"k":0},"sa":{"k":0},"hd":false}]},{"ty":"gr","hd":false,"it":[{"ty":"sh","ks":{"k":{"i":[[0,0],[4.24,2.1],[-0.56,1.72],[0.33,-0.71]],"o":[[-0.27,0.58],[0.35,-1.78],[3.76,3.67],[0,0]],"v":[[426.89,249.96],[417.66,246.21],[419.02,240.96],[426.89,249.96]],"c":true}}},{"ty":"fl","o":{"a":1,"k":[{"i":{"x":[0.67],"y":[1]},"o":{"x":[0.33],"y":[0]},"t":59,"s":[0]},{"t":109,"s":[100]}],"ix":5},"c":{"k":[0.15,0.2,0.22,1]}},{"ty":"tr","o":{"k":100},"r":{"k":0},"p":{"k":[0,0]},"a":{"k":[0,0]},"s":{"k":[100,100]},"sk":{"k":0},"sa":{"k":0},"hd":false}]},{"ty":"gr","hd":false,"it":[{"ty":"sh","ks":{"k":{"i":[[0,0],[2.95,4.73],[0,0],[-1.38,1.67],[0.73,-0.52]],"o":[[-0.54,0.38],[0,0],[0.84,-2],[1.76,5.45],[0,0]],"v":[[427.86,248.32],[420.28,237.59],[420.28,237.59],[423.63,232.05],[427.86,248.32]],"c":true}}},{"ty":"fl","o":{"a":1,"k":[{"i":{"x":[0.67],"y":[1]},"o":{"x":[0.33],"y":[0]},"t":59,"s":[0]},{"t":109,"s":[100]}],"ix":5},"c":{"k":[0.15,0.2,0.22,1]}},{"ty":"tr","o":{"k":100},"r":{"k":0},"p":{"k":[0,0]},"a":{"k":[0,0]},"s":{"k":[100,100]},"sk":{"k":0},"sa":{"k":0},"hd":false}]},{"ty":"gr","hd":false,"it":[{"ty":"sh","ks":{"k":{"i":[[0,0],[0.96,0],[0.5,4.81],[0,0],[-1.16,0],[-0.82,-0.28]],"o":[[-0.5,4.42],[-0.81,0],[0,0],[1.03,-0.53],[0.86,-0.01],[0,0]],"v":[[432.75,228.98],[429.64,247.49],[426.89,229.39],[426.89,229.39],[430.21,228.58],[432.75,228.98]],"c":true}}},{"ty":"fl","o":{"a":1,"k":[{"i":{"x":[0.67],"y":[1]},"o":{"x":[0.33],"y":[0]},"t":59,"s":[0]},{"t":109,"s":[100]}],"ix":5},"c":{"k":[0.15,0.2,0.22,1]}},{"ty":"tr","o":{"k":100},"r":{"k":0},"p":{"k":[0,0]},"a":{"k":[0,0]},"s":{"k":[100,100]},"sk":{"k":0},"sa":{"k":0},"hd":false}]},{"ty":"gr","hd":false,"it":[{"ty":"sh","ks":{"k":{"i":[[0,0],[-9.25,0],[0,13.84],[9.02,0],[0.48,-11.7]],"o":[[-0.44,10.87],[9.25,0],[0,-10.37],[-9.34,0],[0,0]],"v":[[414.86,253.58],[426.92,277.8],[441.43,248.55],[429.96,226.64],[414.86,253.58]],"c":true}}},{"ty":"fl","o":{"a":1,"k":[{"i":{"x":[0.67],"y":[1]},"o":{"x":[0.33],"y":[0]},"t":59,"s":[0]},{"t":109,"s":[100]}],"ix":5},"c":{"k":[0.78,0.78,0.78,1]}},{"ty":"tr","o":{"k":100},"r":{"k":0},"p":{"k":[0,0]},"a":{"k":[0,0]},"s":{"k":[100,100]},"sk":{"k":0},"sa":{"k":0},"hd":false}]},{"ty":"gr","hd":false,"it":[{"ty":"sh","ks":{"k":{"i":[[0,0],[-12.51,0],[0,17.97],[12.22,0],[0.62,-15.2]],"o":[[-0.59,14.12],[12.51,0],[0,-13.5],[-12.63,0],[0,0]],"v":[[409.63,254],[425.94,285.45],[445.57,247.46],[430.06,219],[409.63,254]],"c":true}}},{"ty":"fl","o":{"a":1,"k":[{"i":{"x":[0.67],"y":[1]},"o":{"x":[0.33],"y":[0]},"t":59,"s":[0]},{"t":109,"s":[100]}],"ix":5},"c":{"k":[0.15,0.2,0.22,1]}},{"ty":"tr","o":{"k":100},"r":{"k":0},"p":{"k":[0,0]},"a":{"k":[0,0]},"s":{"k":[100,100]},"sk":{"k":0},"sa":{"k":0},"hd":false}]},{"ty":"gr","hd":false,"it":[{"ty":"sh","ks":{"k":{"i":[[0,0],[-12.51,0],[-1.12,0.37],[0,16.19],[10.45,1.7],[0.77,0],[0.61,-15.2]],"o":[[-0.6,14.12],[1.22,0],[10.32,-3.34],[0,-12.63],[-0.7,-0.11],[-12.66,0],[0,0]],"v":[[399.75,254],[416.06,285.45],[424.96,285.4],[442.54,247.46],[429.09,219],[420.18,219],[399.75,254]],"c":true}}},{"ty":"fl","o":{"a":1,"k":[{"i":{"x":[0.67],"y":[1]},"o":{"x":[0.33],"y":[0]},"t":59,"s":[0]},{"t":109,"s":[100]}],"ix":5},"c":{"k":[0.22,0.28,0.31,1]}},{"ty":"tr","o":{"k":100},"r":{"k":0},"p":{"k":[0,0]},"a":{"k":[0,0]},"s":{"k":[100,100]},"sk":{"k":0},"sa":{"k":0},"hd":false}]},{"ty":"gr","hd":false,"it":[{"ty":"sh","ks":{"k":{"i":[[0,0],[1.07,0.64],[-2.79,6.98],[0,0],[-0.94,-3.49]],"o":[[-5.11,6.61],[-1.07,-0.64],[0,0],[2.46,2.65],[0,0]],"v":[[279,276.06],[265.69,290.93],[273.82,266.7],[273.82,266.7],[279,276.06]],"c":true}}},{"ty":"fl","o":{"a":1,"k":[{"i":{"x":[0.67],"y":[1]},"o":{"x":[0.33],"y":[0]},"t":59,"s":[0]},{"t":109,"s":[100]}],"ix":5},"c":{"k":[0.15,0.2,0.22,1]}},{"ty":"tr","o":{"k":100},"r":{"k":0},"p":{"k":[0,0]},"a":{"k":[0,0]},"s":{"k":[100,100]},"sk":{"k":0},"sa":{"k":0},"hd":false}]},{"ty":"gr","hd":false,"it":[{"ty":"sh","ks":{"k":{"i":[[0,0],[0.48,0.85],[-6.06,5],[0,0],[-0.05,-2.66]],"o":[[-6.35,2.46],[-0.48,-0.86],[0,0],[0.41,2.63],[0,0]],"v":[[281,289.78],[267.82,293.57],[280.31,281.83],[280.3,281.83],[281,289.78]],"c":true}}},{"ty":"fl","o":{"a":1,"k":[{"i":{"x":[0.67],"y":[1]},"o":{"x":[0.33],"y":[0]},"t":59,"s":[0]},{"t":109,"s":[100]}],"ix":5},"c":{"k":[0.15,0.2,0.22,1]}},{"ty":"tr","o":{"k":100},"r":{"k":0},"p":{"k":[0,0]},"a":{"k":[0,0]},"s":{"k":[100,100]},"sk":{"k":0},"sa":{"k":0},"hd":false}]},{"ty":"gr","hd":false,"it":[{"ty":"sh","ks":{"k":{"i":[[0,0],[0.28,-2.14],[0,0.93],[-6.48,1.05]],"o":[[-0.07,2.14],[-6.27,-1.12],[0,-0.93],[0,0]],"v":[[280.98,293.86],[280.46,300.3],[268.39,296.95],[280.98,293.86]],"c":true}}},{"ty":"fl","o":{"a":1,"k":[{"i":{"x":[0.67],"y":[1]},"o":{"x":[0.33],"y":[0]},"t":59,"s":[0]},{"t":109,"s":[100]}],"ix":5},"c":{"k":[0.15,0.2,0.22,1]}},{"ty":"tr","o":{"k":100},"r":{"k":0},"p":{"k":[0,0]},"a":{"k":[0,0]},"s":{"k":[100,100]},"sk":{"k":0},"sa":{"k":0},"hd":false}]},{"ty":"gr","hd":false,"it":[{"ty":"sh","ks":{"k":{"i":[[0,0],[0.72,-2.27],[-0.51,0.92],[-6.17,-2.49]],"o":[[-0.45,2.34],[-5.6,-4.76],[0.4,-0.73],[0,0]],"v":[[279.84,304.11],[278.09,311.04],[267.26,300.16],[279.84,304.11]],"c":true}}},{"ty":"fl","o":{"a":1,"k":[{"i":{"x":[0.67],"y":[1]},"o":{"x":[0.33],"y":[0]},"t":59,"s":[0]},{"t":109,"s":[100]}],"ix":5},"c":{"k":[0.15,0.2,0.22,1]}},{"ty":"tr","o":{"k":100},"r":{"k":0},"p":{"k":[0,0]},"a":{"k":[0,0]},"s":{"k":[100,100]},"sk":{"k":0},"sa":{"k":0},"hd":false}]},{"ty":"gr","hd":false,"it":[{"ty":"sh","ks":{"k":{"i":[[0,0],[2.05,-2.53],[-1.18,0.75],[-4.84,-6.41]],"o":[[-1.25,3],[-3,-7.88],[0.85,-0.5],[0,0]],"v":[[276.34,315.75],[271.36,324.1],[264.73,302.35],[276.34,315.75]],"c":true}}},{"ty":"fl","o":{"a":1,"k":[{"i":{"x":[0.67],"y":[1]},"o":{"x":[0.33],"y":[0]},"t":59,"s":[0]},{"t":109,"s":[100]}],"ix":5},"c":{"k":[0.15,0.2,0.22,1]}},{"ty":"tr","o":{"k":100},"r":{"k":0},"p":{"k":[0,0]},"a":{"k":[0,0]},"s":{"k":[100,100]},"sk":{"k":0},"sa":{"k":0},"hd":false}]},{"ty":"gr","hd":false,"it":[{"ty":"sh","ks":{"k":{"i":[[0,0],[2.53,0],[0.95,0.18],[-1.73,0],[-0.89,-7.21]],"o":[[-2.18,1.3],[-0.97,0],[0.7,-5.32],[1.35,0],[0,0]],"v":[[266.15,328.59],[258.96,330.57],[256.08,330.3],[261.49,302.95],[266.15,328.59]],"c":true}}},{"ty":"fl","o":{"a":1,"k":[{"i":{"x":[0.67],"y":[1]},"o":{"x":[0.33],"y":[0]},"t":59,"s":[0]},{"t":109,"s":[100]}],"ix":5},"c":{"k":[0.15,0.2,0.22,1]}},{"ty":"tr","o":{"k":100},"r":{"k":0},"p":{"k":[0,0]},"a":{"k":[0,0]},"s":{"k":[100,100]},"sk":{"k":0},"sa":{"k":0},"hd":false}]},{"ty":"gr","hd":false,"it":[{"ty":"sh","ks":{"k":{"i":[[0,0],[1.26,3.36],[-1.21,-0.75],[2.55,-5.96]],"o":[[-2.71,-2.36],[5.25,-6.75],[1.21,0.75],[0,0]],"v":[[249.75,327.32],[243.7,318.59],[259.16,301.34],[249.75,327.32]],"c":true}}},{"ty":"fl","o":{"a":1,"k":[{"i":{"x":[0.67],"y":[1]},"o":{"x":[0.33],"y":[0]},"t":59,"s":[0]},{"t":109,"s":[100]}],"ix":5},"c":{"k":[0.15,0.2,0.22,1]}},{"ty":"tr","o":{"k":100},"r":{"k":0},"p":{"k":[0,0]},"a":{"k":[0,0]},"s":{"k":[100,100]},"sk":{"k":0},"sa":{"k":0},"hd":false}]},{"ty":"gr","hd":false,"it":[{"ty":"sh","ks":{"k":{"i":[[0,0],[0.16,2.91],[-0.55,-0.99],[6.84,-5.19]],"o":[[-0.65,-2.84],[7.57,-2.86],[0.55,0.99],[0,0]],"v":[[241.87,312.75],[240.65,304.09],[257.6,299.14],[241.87,312.75]],"c":true}}},{"ty":"fl","o":{"a":1,"k":[{"i":{"x":[0.67],"y":[1]},"o":{"x":[0.33],"y":[0]},"t":59,"s":[0]},{"t":109,"s":[100]}],"ix":5},"c":{"k":[0.15,0.2,0.22,1]}},{"ty":"tr","o":{"k":100},"r":{"k":0},"p":{"k":[0,0]},"a":{"k":[0,0]},"s":{"k":[100,100]},"sk":{"k":0},"sa":{"k":0},"hd":false}]},{"ty":"gr","hd":false,"it":[{"ty":"sh","ks":{"k":{"i":[[0,0],[7.74,-1.03],[-0.04,0.38],[0,0],[-0.34,2.08],[0,-1.07]],"o":[[0,0.95],[0,-0.38],[0,0],[0.1,-2.11],[7.55,1.34],[0,0]],"v":[[256.86,296.18],[240.59,299.51],[240.62,298.39],[240.62,298.39],[241.28,292.1],[256.86,296.18]],"c":true}}},{"ty":"fl","o":{"a":1,"k":[{"i":{"x":[0.67],"y":[1]},"o":{"x":[0.33],"y":[0]},"t":59,"s":[0]},{"t":109,"s":[100]}],"ix":5},"c":{"k":[0.15,0.2,0.22,1]}},{"ty":"tr","o":{"k":100},"r":{"k":0},"p":{"k":[0,0]},"a":{"k":[0,0]},"s":{"k":[100,100]},"sk":{"k":0},"sa":{"k":0},"hd":false}]},{"ty":"gr","hd":false,"it":[{"ty":"sh","ks":{"k":{"i":[[0,0],[7.22,3.07],[-0.95,2.46],[0.57,-1.02]],"o":[[-0.46,0.83],[0.6,-2.57],[6.4,5.35],[0,0]],"v":[[257.88,293.32],[242.13,287.88],[244.46,280.31],[257.88,293.32]],"c":true}}},{"ty":"fl","o":{"a":1,"k":[{"i":{"x":[0.67],"y":[1]},"o":{"x":[0.33],"y":[0]},"t":59,"s":[0]},{"t":109,"s":[100]}],"ix":5},"c":{"k":[0.15,0.2,0.22,1]}},{"ty":"tr","o":{"k":100},"r":{"k":0},"p":{"k":[0,0]},"a":{"k":[0,0]},"s":{"k":[100,100]},"sk":{"k":0},"sa":{"k":0},"hd":false}]},{"ty":"gr","hd":false,"it":[{"ty":"sh","ks":{"k":{"i":[[0,0],[5.06,6.84],[-2.32,2.34],[1.24,-0.75]],"o":[[-0.92,0.55],[1.48,-2.95],[3,7.82],[0,0]],"v":[[259.55,291],[246.58,275.57],[252.32,267.59],[259.55,291]],"c":true}}},{"ty":"fl","o":{"a":1,"k":[{"i":{"x":[0.67],"y":[1]},"o":{"x":[0.33],"y":[0]},"t":59,"s":[0]},{"t":109,"s":[100]}],"ix":5},"c":{"k":[0.15,0.2,0.22,1]}},{"ty":"tr","o":{"k":100},"r":{"k":0},"p":{"k":[0,0]},"a":{"k":[0,0]},"s":{"k":[100,100]},"sk":{"k":0},"sa":{"k":0},"hd":false}]},{"ty":"gr","hd":false,"it":[{"ty":"sh","ks":{"k":{"i":[[0,0],[1.64,0],[0.86,6.91],[-1.95,0],[-1.41,-0.39]],"o":[[-0.86,6.35],[-1.38,0],[1.8,-0.76],[1.46,-0.01],[0,0]],"v":[[267.92,263.17],[262.61,289.77],[257.9,263.75],[263.59,262.59],[267.92,263.17]],"c":true}}},{"ty":"fl","o":{"a":1,"k":[{"i":{"x":[0.67],"y":[1]},"o":{"x":[0.33],"y":[0]},"t":59,"s":[0]},{"t":109,"s":[100]}],"ix":5},"c":{"k":[0.15,0.2,0.22,1]}},{"ty":"tr","o":{"k":100},"r":{"k":0},"p":{"k":[0,0]},"a":{"k":[0,0]},"s":{"k":[100,100]},"sk":{"k":0},"sa":{"k":0},"hd":false}]},{"ty":"gr","hd":false,"it":[{"ty":"sh","ks":{"k":{"i":[[0,0],[-15.81,0],[0,19.9],[15.44,0],[0.81,-16.82]],"o":[[-0.75,15.64],[15.81,0],[0,-14.91],[-15.95,-0.02],[0,0]],"v":[[237.32,298.54],[257.94,333.36],[282.75,291.3],[263.14,259.8],[237.32,298.54]],"c":true}}},{"ty":"fl","o":{"a":1,"k":[{"i":{"x":[0.67],"y":[1]},"o":{"x":[0.33],"y":[0]},"t":59,"s":[0]},{"t":109,"s":[100]}],"ix":5},"c":{"k":[0.78,0.78,0.78,1]}},{"ty":"tr","o":{"k":100},"r":{"k":0},"p":{"k":[0,0]},"a":{"k":[0,0]},"s":{"k":[100,100]},"sk":{"k":0},"sa":{"k":0},"hd":false}]},{"ty":"gr","hd":false,"it":[{"ty":"sh","ks":{"k":{"i":[[0,0],[-21.39,0],[0.01,25.84],[20.89,0],[1.13,-21.86]],"o":[[-1.02,20.31],[21.39,0],[0,-19.36],[-21.59,0],[0,0]],"v":[[228.37,299.13],[256.26,344.35],[289.83,289.73],[263.3,248.8],[228.37,299.13]],"c":true}}},{"ty":"fl","o":{"a":1,"k":[{"i":{"x":[0.67],"y":[1]},"o":{"x":[0.33],"y":[0]},"t":59,"s":[0]},{"t":109,"s":[100]}],"ix":5},"c":{"k":[0.15,0.2,0.22,1]}},{"ty":"tr","o":{"k":100},"r":{"k":0},"p":{"k":[0,0]},"a":{"k":[0,0]},"s":{"k":[100,100]},"sk":{"k":0},"sa":{"k":0},"hd":false}]},{"ty":"gr","hd":false,"it":[{"ty":"sh","ks":{"k":{"i":[[0,0],[-21.39,0],[-1.92,0.52],[0,23.31],[17.83,2.44],[1.3,0],[1.1,-21.86]],"o":[[-1.02,20.31],[2.09,0],[17.64,-4.82],[0,-18.16],[-1.19,-0.16],[-21.6,0],[0,0]],"v":[[211.42,299.13],[239.32,344.35],[254.55,344.3],[284.6,289.73],[261.61,248.8],[246.36,248.8],[211.42,299.13]],"c":true}}},{"ty":"fl","o":{"a":1,"k":[{"i":{"x":[0.67],"y":[1]},"o":{"x":[0.33],"y":[0]},"t":59,"s":[0]},{"t":109,"s":[100]}],"ix":5},"c":{"k":[0.22,0.28,0.31,1]}},{"ty":"tr","o":{"k":100},"r":{"k":0},"p":{"k":[0,0]},"a":{"k":[0,0]},"s":{"k":[100,100]},"sk":{"k":0},"sa":{"k":0},"hd":false}]},{"ty":"gr","hd":false,"it":[{"ty":"sh","ks":{"k":{"i":[[0,0],[0,0],[0,0],[5.36,3.82],[0,0],[8.94,0.8],[0,0],[6.08,-2.67],[0,0],[0,0]],"o":[[0,0],[0,0],[0,0],[-5.36,-3.82],[0,0],[-8.94,-0.8],[0,0],[-6.08,2.67],[0,0],[0,0]],"v":[[417.54,231.08],[500.3,216.5],[494.66,216.5],[495.3,203.81],[483.9,205.31],[474.02,193.31],[460.57,210.37],[452.53,209.4],[442.97,221.64],[417.54,231.05]],"c":false}}},{"ty":"fl","o":{"a":1,"k":[{"i":{"x":[0.67],"y":[1]},"o":{"x":[0.33],"y":[0]},"t":59,"s":[0]},{"t":109,"s":[100]}],"ix":5},"c":{"k":[0.92,0.92,0.92,1]}},{"ty":"tr","o":{"k":100},"r":{"k":0},"p":{"k":[0,0]},"a":{"k":[0,0]},"s":{"k":[100,100]},"sk":{"k":0},"sa":{"k":0},"hd":false}]},{"ty":"gr","hd":false,"it":[{"ty":"sh","ks":{"k":{"i":[[0,0],[0,0],[0,0],[4.97,3.55],[0,0],[8.32,0.72],[0,0],[5.68,-2.48],[0,0],[0,0]],"o":[[0,0],[0,0],[0,0],[-4.97,-3.55],[0,0],[-8.32,-0.72],[0,0],[-5.68,2.48],[0,0],[0,0]],"v":[[383,230.36],[460.02,216.75],[454.77,216.75],[455.37,204.95],[444.75,206.39],[435.55,195.23],[423.04,211.11],[415.54,210.21],[406.64,221.6],[382.97,230.36]],"c":false}}},{"ty":"fl","o":{"a":1,"k":[{"i":{"x":[0.67],"y":[1]},"o":{"x":[0.33],"y":[0]},"t":59,"s":[0]},{"t":109,"s":[100]}],"ix":5},"c":{"k":[0.86,0.86,0.86,1]}},{"ty":"tr","o":{"k":100},"r":{"k":0},"p":{"k":[0,0]},"a":{"k":[0,0]},"s":{"k":[100,100]},"sk":{"k":0},"sa":{"k":0},"hd":false}]},{"ty":"gr","hd":false,"it":[{"ty":"sh","ks":{"k":{"i":[[0,0],[0,0],[0,0],[5.36,3.82],[0,0],[8.94,0.8],[0,0],[6.09,-2.67],[0,0],[0,0]],"o":[[0,0],[0,0],[0,0],[-5.36,-3.82],[0,0],[-8.94,-0.8],[0,0],[-6.09,2.67],[0,0],[0,0]],"v":[[436.5,276.25],[519.25,261.66],[513.62,261.66],[514.27,248.98],[502.86,250.48],[492.98,238.48],[479.52,255.53],[471.48,254.56],[461.93,266.8],[436.5,276.25]],"c":false}}},{"ty":"fl","o":{"a":1,"k":[{"i":{"x":[0.67],"y":[1]},"o":{"x":[0.33],"y":[0]},"t":59,"s":[0]},{"t":109,"s":[100]}],"ix":5},"c":{"k":[0.92,0.92,0.92,1]}},{"ty":"tr","o":{"k":100},"r":{"k":0},"p":{"k":[0,0]},"a":{"k":[0,0]},"s":{"k":[100,100]},"sk":{"k":0},"sa":{"k":0},"hd":false}]},{"ty":"gr","hd":false,"it":[{"ty":"sh","ks":{"k":{"i":[[0,0],[0,0],[0,0],[4.97,3.55],[0,0],[8.32,0.72],[0,0],[5.68,-2.48],[0,0],[0,0]],"o":[[0,0],[0,0],[0,0],[-4.97,-3.55],[0,0],[-8.32,-0.72],[0,0],[-5.68,2.48],[0,0],[0,0]],"v":[[423.37,269.79],[500.39,256.21],[495.14,256.21],[495.74,244.41],[485.13,245.81],[475.93,234.66],[463.41,250.54],[455.91,249.63],[447.04,261],[423.37,269.77]],"c":false}}},{"ty":"fl","o":{"a":1,"k":[{"i":{"x":[0.67],"y":[1]},"o":{"x":[0.33],"y":[0]},"t":59,"s":[0]},{"t":109,"s":[100]}],"ix":5},"c":{"k":[0.86,0.86,0.86,1]}},{"ty":"tr","o":{"k":100},"r":{"k":0},"p":{"k":[0,0]},"a":{"k":[0,0]},"s":{"k":[100,100]},"sk":{"k":0},"sa":{"k":0},"hd":false}]},{"ty":"gr","hd":false,"nm":"use","it":[{"ty":"gr","hd":false,"nm":"surface41687","it":[{"ty":"gr","hd":false,"it":[{"ty":"sh","ks":{"k":{"i":[[0,0],[-2.8,4.06],[-1.89,1.6],[-2.31,0.93],[-2.46,-0.68],[-1.05,-0.7],[-0.46,-0.43],[0,0],[0,0],[0,0],[-0.7,-2.38],[-0.23,-2.45],[0.78,2.32],[1.52,1.89],[0,0],[0,0],[0,0],[0.49,0.34],[1.15,0.33],[2.21,-0.91],[1.82,-1.57],[1.43,-1.96],[1.04,-2.2],[0.49,-1.09],[0.43,-1.11]],"o":[[1.19,-4.79],[1.41,-2.04],[1.88,-1.64],[2.36,-0.95],[1.21,0.35],[0.52,0.36],[0,0],[0,0],[0,0],[1.5,1.98],[0.69,2.36],[-0.38,-2.41],[-0.75,-2.3],[0,0],[0,0],[0,0],[-0.43,-0.41],[-0.99,-0.67],[-2.32,-0.61],[-2.24,0.89],[-1.86,1.56],[-1.45,1.95],[-0.58,1.08],[-0.48,1.09],[0,0]],"v":[[410.09,239.61],[416.12,226.23],[421.09,220.75],[427.43,216.86],[434.85,216.43],[438.26,218.02],[439.72,219.21],[440.39,219.87],[440.99,220.62],[440.98,220.62],[444.31,227.22],[445.69,234.44],[443.96,227.33],[440.54,220.99],[439.95,220.3],[439.29,219.7],[439.29,219.7],[437.9,218.58],[434.67,217.08],[427.69,217.55],[421.54,221.27],[416.59,226.56],[412.84,232.81],[411.34,236.15],[410.09,239.61]],"c":true}}},{"ty":"fl","o":{"k":100},"c":{"k":[0,0,0,1]}},{"ty":"tr","o":{"k":100},"r":{"k":0},"p":{"k":[0,0]},"a":{"k":[0,0]},"s":{"k":[100,100]},"sk":{"k":0},"sa":{"k":0},"hd":false}]},{"ty":"gr","hd":false,"it":[{"ty":"sh","ks":{"k":{"i":[[0,0],[0.36,6.34],[-0.15,3.18],[-0.13,1.58],[-0.32,1.57],[-1.06,3],[-1.38,2.87],[-4.15,4.85],[-2.57,1.9],[-3.05,1.03],[-3.23,-0.25],[-2.91,-1.38],[-2.12,-2.41],[-1.3,-2.92],[-0.27,-6.37],[2.63,5.78],[2.11,2.35],[2.85,1.34],[3.13,0.18],[2.98,-0.98],[2.5,-1.89],[2.06,-2.38],[2.71,-5.71],[1.32,-6.19],[0.25,-1.56],[0.06,-1.59],[-0.14,-3.16],[-1.33,-6.2]],"o":[[-1.45,-6.19],[-0.19,-3.18],[0.05,-1.59],[0.14,-1.58],[0.6,-3.13],[1.04,-3.02],[2.72,-5.77],[2.1,-2.42],[2.57,-1.93],[3.08,-0.99],[3.21,0.2],[2.9,1.4],[2.11,2.41],[2.53,5.85],[-0.39,-6.34],[-1.34,-2.86],[-2.1,-2.34],[-2.86,-1.3],[-3.13,-0.23],[-2.96,1.02],[-2.52,1.88],[-4.13,4.79],[-2.8,5.68],[-0.33,1.55],[-0.25,1.56],[-0.18,3.16],[0.25,6.33],[0,0]],"v":[[225.67,328.72],[222.96,309.89],[222.91,300.35],[223.27,295.6],[223.96,290.86],[226.44,281.65],[230.07,272.81],[240.43,256.81],[247.47,250.31],[255.95,245.85],[265.5,244.73],[274.77,247.11],[282.38,252.89],[287.52,260.93],[291.75,279.41],[287.19,261.08],[282,253.21],[274.5,247.64],[265.43,245.39],[256.18,246.52],[247.93,250.91],[241.04,257.32],[230.72,273.13],[224.52,291],[223.77,295.68],[223.36,300.41],[223.3,309.89],[225.67,328.72]],"c":true}}},{"ty":"fl","o":{"k":100},"c":{"k":[0,0,0,1]}},{"ty":"tr","o":{"k":100},"r":{"k":0},"p":{"k":[0,0]},"a":{"k":[0,0]},"s":{"k":[100,100]},"sk":{"k":0},"sa":{"k":0},"hd":false}]},{"ty":"tr","o":{"k":100},"r":{"k":0},"p":{"k":[0,0]},"a":{"k":[0,0]},"s":{"k":[100,100]},"sk":{"k":0},"sa":{"k":0},"hd":false}]},{"ty":"tr","o":{"k":100},"r":{"k":0},"p":{"k":[0,0]},"a":{"k":[0,0]},"s":{"k":[100,100]},"sk":{"k":0},"sa":{"k":0},"hd":false}]},{"ty":"gr","hd":false,"nm":"use","it":[{"ty":"gr","hd":false,"nm":"surface41690","it":[{"ty":"gr","hd":false,"it":[{"ty":"sh","ks":{"k":{"i":[[0,0],[1,1.04],[0,0],[0.87,1.16],[0.1,0.36],[0,0],[0,0],[0.07,1.45],[-0.06,0.18],[-0.07,0.04],[-0.08,-0.03],[-0.08,-0.05],[-0.29,-0.23],[-0.54,-0.49],[-1.04,-1],[-2.03,-2.06],[0,0],[1.7,1.38],[0.86,0.68],[0.44,0.32],[0.24,0.13],[0,0],[0,-0.07],[0.04,-0.13],[-0.03,-1.08],[-0.04,-0.12],[-0.08,-0.11],[0,0],[0,0]],"o":[[-1.07,-0.97],[0,0],[-1.02,-1.04],[-0.23,-0.3],[0,0],[0,0],[-0.28,-1.43],[-0.01,-0.2],[0.02,-0.07],[0.08,-0.03],[0.09,0.04],[0.32,0.21],[0.55,0.46],[1.07,0.98],[2.09,2],[0,0],[-1.67,-1.41],[-0.85,-0.69],[-0.43,-0.33],[-0.21,-0.16],[0,0],[0.09,-0.05],[0,0.07],[-0.25,1.05],[0,0.12],[0.06,0.12],[0,0],[0,0],[0,0]],"v":[[64.12,306.64],[61.03,303.61],[61.03,303.61],[58.19,300.32],[57.69,299.32],[57.49,298.25],[57.1,296.12],[56.57,291.8],[56.65,291.22],[56.78,291.04],[57.03,291.04],[57.29,291.18],[58.16,291.85],[59.8,293.28],[62.96,296.24],[69.14,302.33],[68.91,302.58],[63.86,298.39],[61.3,296.34],[59.98,295.36],[59.31,294.93],[59.16,294.86],[59.16,294.93],[59.04,295.3],[58.7,298.52],[58.76,298.88],[58.97,299.22],[59.43,299.9],[60.36,301.25]],"c":true}}},{"ty":"sh","ks":{"k":{"i":[[0,0],[0,0],[0,0],[0,0],[0.07,0.12],[0.01,0.15],[-0.26,1.08],[-0.05,0.14],[-0.02,0.04],[-0.05,0.06],[-0.05,-0.02],[-0.07,-0.04],[-0.23,-0.16],[-0.44,-0.33],[-0.85,-0.68],[-1.68,-1.4],[0,0],[0,0],[1.06,0.99],[0.55,0.46],[0,0],[0.29,0.2],[0.07,0.04],[-0.09,0],[0,-0.04],[0,0],[0,-0.16],[-0.26,-1.41],[0,0],[0,0],[-0.21,-0.28],[-0.98,-1.05],[-1.05,-1]],"o":[[0,0],[0,0],[0,0],[-0.08,-0.11],[-0.05,-0.14],[-0.04,-1.11],[0.04,-0.14],[0.02,-0.04],[0,0],[0.05,-0.02],[0.08,0.02],[0.25,0.13],[0.45,0.32],[0.87,0.66],[1.71,1.37],[0,0],[0,0],[-1.04,-1],[-0.53,-0.49],[0,0],[-0.27,-0.23],[-0.07,-0.05],[0,0],[0.09,0],[0,0],[-0.05,0.16],[0.07,1.44],[0,0],[0,0],[0.11,0.33],[0.84,1.17],[0.96,1.05],[0,0]],"v":[[64.12,306.64],[60.23,301.36],[59.25,300],[58.79,299.32],[58.56,298.96],[58.47,298.53],[58.79,295.24],[58.93,294.82],[58.99,294.71],[59.04,294.65],[59.18,294.65],[59.41,294.74],[60.11,295.18],[61.44,296.16],[64.03,298.18],[69.11,302.34],[68.89,302.59],[62.71,296.51],[59.58,293.51],[57.96,292.07],[57.96,292.07],[57.12,291.42],[56.91,291.3],[56.91,291.3],[56.91,291.34],[56.91,291.34],[56.84,291.82],[57.34,296.09],[57.7,298.23],[57.9,299.3],[58.37,300.22],[61.12,303.55],[64.12,306.64]],"c":true}}},{"ty":"fl","o":{"k":100},"c":{"k":[0,0,0,1]}},{"ty":"tr","o":{"k":100},"r":{"k":0},"p":{"k":[0,0]},"a":{"k":[0,0]},"s":{"k":[100,100]},"sk":{"k":0},"sa":{"k":0},"hd":false}]},{"ty":"gr","hd":false,"it":[{"ty":"sh","ks":{"k":{"i":[[0,0],[-8.21,-0.09],[-2.05,-0.12],[0,0],[-1.02,-0.21],[-0.12,-0.1],[-0.04,-0.08],[0,-0.08],[0,0],[0.15,-0.23],[0.34,-0.39],[1.55,-1.36],[1.61,-1.31],[0,0],[-4.12,2.66],[-0.24,0.19],[-0.13,0.26],[-0.14,0.59],[0.11,0.57],[0.04,0.05],[0,0],[0,0],[0,0],[0,0],[2.46,-0.09],[4.91,-0.29]],"o":[[8.2,-0.25],[2.05,0],[0,0],[1.04,0.03],[0.15,0.03],[0.07,0.07],[0.04,0.08],[0,0],[-0.07,0.27],[-0.29,0.44],[-1.38,1.53],[-1.5,1.38],[0,0],[4.19,-2.57],[0.26,-0.16],[0.2,-0.21],[0.28,-0.53],[0.17,-0.56],[-0.02,-0.06],[0,0],[0,0],[0,0],[0,0],[-2.45,0],[-4.91,0.2],[0,0]],"v":[[131.12,316.88],[155.74,316.54],[161.9,316.73],[161.9,316.73],[164.98,317.09],[165.4,317.29],[165.52,317.54],[165.52,317.77],[165.52,317.77],[165.18,318.52],[164.23,319.76],[159.84,324.1],[155.18,328.13],[154.98,327.85],[167.54,320.12],[168.29,319.6],[168.8,318.89],[169.43,317.21],[169.52,315.48],[169.44,315.31],[169.44,315.27],[169.37,315.27],[168.93,315.22],[168.02,315.22],[160.65,315.39],[145.92,316.14]],"c":true}}},{"ty":"sh","ks":{"k":{"i":[[0,0],[-9.82,0.44],[-2.46,-0.01],[0,0],[-0.16,-0.05],[0,0],[-0.05,-0.02],[-0.03,-0.03],[0,0],[0,0],[-0.03,-0.09],[0.18,-0.62],[0.29,-0.56],[0.22,-0.22],[0.26,-0.17],[4.22,-2.5],[0,0],[-1.52,1.37],[-1.38,1.51],[-0.28,0.42],[-0.06,0.23],[0,0.05],[0.04,0.02],[0,0],[0.1,0.03],[1.01,0.05],[2.05,0.04],[4.11,-0.05],[4.11,-0.07]],"o":[[9.81,-0.7],[2.46,-0.11],[0,0],[0.16,0],[0,0],[0.05,0.01],[0.04,0.02],[0,0],[0,0],[0.05,0.07],[0.14,0.63],[-0.15,0.61],[-0.15,0.28],[-0.24,0.21],[-4.13,2.68],[0,0],[1.58,-1.3],[1.54,-1.34],[0.34,-0.38],[0.14,-0.2],[0,-0.05],[0,0],[0,0],[-0.09,-0.05],[-0.99,-0.2],[-2.04,-0.13],[-4.1,-0.07],[-4.1,0.05],[0,0]],"v":[[131.12,316.88],[160.57,315.1],[167.95,314.89],[168.88,314.89],[169.36,314.94],[169.36,314.94],[169.51,314.98],[169.61,315.05],[169.65,315.11],[169.65,315.11],[169.77,315.35],[169.7,317.27],[169.04,319.03],[168.48,319.78],[167.73,320.35],[155.17,328.09],[154.96,327.81],[159.63,323.8],[164.02,319.52],[164.94,318.32],[165.24,317.67],[165.24,317.53],[165.2,317.43],[165.2,317.43],[164.92,317.31],[161.92,316.93],[155.78,316.72],[143.46,316.72],[131.12,316.88]],"c":true}}},{"ty":"fl","o":{"k":100},"c":{"k":[0,0,0,1]}},{"ty":"tr","o":{"k":100},"r":{"k":0},"p":{"k":[0,0]},"a":{"k":[0,0]},"s":{"k":[100,100]},"sk":{"k":0},"sa":{"k":0},"hd":false}]},{"ty":"tr","o":{"k":100},"r":{"k":0},"p":{"k":[0,0]},"a":{"k":[0,0]},"s":{"k":[100,100]},"sk":{"k":0},"sa":{"k":0},"hd":false}]},{"ty":"tr","o":{"k":100},"r":{"k":0},"p":{"k":[0,0]},"a":{"k":[0,0]},"s":{"k":[100,100]},"sk":{"k":0},"sa":{"k":0},"hd":false}]},{"ty":"gr","hd":false,"nm":"use","it":[{"ty":"gr","hd":false,"nm":"surface41693","it":[{"ty":"gr","hd":false,"it":[{"ty":"sh","ks":{"k":{"i":[[0,0],[-1.63,1.37],[-0.46,0.27],[-0.52,0.13],[0,0],[-2.07,0.42],[0,0],[-0.53,0.04],[-0.27,-0.02],[-0.27,-0.04],[-2.07,-0.39],[-2.05,-0.44],[-4.08,-1.05],[2.07,0.41],[0,0],[4.19,0.56],[0.23,0.03],[0.25,-0.01],[0.51,-0.11],[0,0],[0,0],[0,0],[0.5,-0.14],[0.39,-0.34],[1.55,-1.43]],"o":[[1.5,-1.5],[0.4,-0.36],[0.52,-0.18],[0,0],[2.06,-0.45],[0,0],[0.52,-0.11],[0.27,-0.02],[0.26,0],[2.1,0.27],[2.07,0.39],[4.12,0.88],[-2.05,-0.48],[0,0],[-4.14,-0.8],[-0.25,-0.04],[-0.25,-0.03],[-0.52,0.03],[0,0],[0,0],[0,0],[-0.5,0.09],[-0.45,0.25],[-1.63,1.3],[0,0]],"v":[[336.44,180.5],[341.07,176.18],[342.38,175.25],[343.93,174.86],[347.01,174.18],[353.2,172.89],[356.31,172.28],[357.89,172.06],[358.71,172.06],[359.5,172.14],[365.75,173.18],[371.95,174.42],[384.28,177.25],[378.09,175.95],[371.89,174.75],[359.45,172.55],[358.7,172.47],[357.95,172.43],[356.41,172.65],[353.25,173.25],[347.05,174.49],[343.95,175.12],[342.45,175.46],[341.18,176.35],[336.44,180.5]],"c":true}}},{"ty":"fl","o":{"k":100},"c":{"k":[0,0,0,1]}},{"ty":"tr","o":{"k":100},"r":{"k":0},"p":{"k":[0,0]},"a":{"k":[0,0]},"s":{"k":[100,100]},"sk":{"k":0},"sa":{"k":0},"hd":false}]},{"ty":"gr","hd":false,"it":[{"ty":"sh","ks":{"k":{"i":[[0,0],[0,0],[0,0],[0,0],[0,0],[0,0],[0,0],[0,0],[0,0],[0,0],[0,0],[0,0]],"o":[[0,0],[0,0],[0,0],[0,0],[0,0],[0,0],[0,0],[0,0],[0,0],[0,0],[0,0],[0,0]],"v":[[291.68,231.8],[298.66,229.89],[305.65,228.04],[319.65,224.41],[333.68,220.92],[340.72,219.21],[347.76,217.57],[340.79,219.48],[333.8,221.33],[319.79,224.95],[305.75,228.45],[298.73,230.15]],"c":true}}},{"ty":"fl","o":{"k":100},"c":{"k":[0,0,0,1]}},{"ty":"tr","o":{"k":100},"r":{"k":0},"p":{"k":[0,0]},"a":{"k":[0,0]},"s":{"k":[100,100]},"sk":{"k":0},"sa":{"k":0},"hd":false}]},{"ty":"gr","hd":false,"it":[{"ty":"sh","ks":{"k":{"i":[[0,0],[1.32,-1.01],[0,0],[0.28,-0.23],[0,0],[0.04,-0.04],[0,0.04],[0,0],[-0.08,-0.17],[-0.24,-0.29],[-0.12,-0.05],[0,0],[0,0],[0,0],[0,0],[-0.8,0.27],[0.7,-0.4],[0,0],[0.75,-0.31],[0,0],[0,0],[0.06,-0.02],[0.1,0.02],[0.18,0.22],[0.2,0.41],[0.07,0.22],[0,0],[0,0],[0,0],[-0.03,0.06],[-0.12,0.1],[-0.35,0.25],[-0.7,0.45],[-1.46,0.8]],"o":[[-1.3,1.06],[0,0],[-0.32,0.26],[0,0],[-0.04,0.04],[0,0],[0,0],[0.06,0.18],[0.16,0.34],[0.08,0.1],[0,0],[0,0],[0,0],[0,0],[0.79,-0.29],[-0.75,0.42],[0,0],[-0.75,0.38],[0,0],[0,0],[-0.06,0.03],[-0.1,0.02],[-0.28,-0.07],[-0.3,-0.34],[-0.09,-0.21],[0,0],[0,0],[0,0],[0,-0.06],[0.07,-0.13],[0.32,-0.29],[0.68,-0.5],[1.42,-0.85],[0,0]],"v":[[398.01,219.38],[394.07,222.44],[392.1,223.94],[391.18,224.69],[391.18,224.69],[391.07,224.81],[391.07,224.7],[391.07,224.86],[391.28,225.38],[391.89,226.34],[392.2,226.57],[392.3,226.54],[392.59,226.43],[394.89,225.51],[397.21,224.59],[399.56,223.72],[397.36,224.92],[395.11,226.03],[392.86,227.09],[392.56,227.21],[392.57,227.21],[392.38,227.27],[392.07,227.27],[391.36,226.82],[390.61,225.69],[390.37,225.05],[390.32,224.86],[390.32,224.68],[390.32,224.68],[390.37,224.5],[390.65,224.14],[391.65,223.34],[393.71,221.91],[398.01,219.38]],"c":true}}},{"ty":"fl","o":{"k":100},"c":{"k":[0,0,0,1]}},{"ty":"tr","o":{"k":100},"r":{"k":0},"p":{"k":[0,0]},"a":{"k":[0,0]},"s":{"k":[100,100]},"sk":{"k":0},"sa":{"k":0},"hd":false}]},{"ty":"gr","hd":false,"it":[{"ty":"sh","ks":{"k":{"i":[[0,0],[0.5,-0.95],[0.62,-0.89],[0.2,-0.21],[0.15,-0.09],[0,0],[0.46,-0.27],[0.95,-0.51],[-0.86,0.65],[-0.46,0.3],[-0.13,0.06],[-0.07,0.07],[-0.14,0.21],[-0.59,0.89],[-0.63,0.88]],"o":[[-0.37,1.01],[-0.48,0.97],[-0.17,0.23],[-0.12,0.12],[0,0],[-0.45,0.25],[-0.91,0.56],[0.78,-0.75],[0.43,-0.33],[0.12,-0.08],[0.07,-0.06],[0.17,-0.18],[0.61,-0.83],[0.59,-0.89],[0,0]],"v":[[449.77,208.05],[448.46,211],[446.8,213.79],[446.24,214.44],[445.84,214.75],[445.52,214.94],[444.16,215.76],[441.38,217.37],[443.83,215.27],[445.15,214.34],[445.52,214.12],[445.73,213.92],[446.2,213.34],[447.96,210.7],[449.77,208.05]],"c":true}}},{"ty":"fl","o":{"k":100},"c":{"k":[0,0,0,1]}},{"ty":"tr","o":{"k":100},"r":{"k":0},"p":{"k":[0,0]},"a":{"k":[0,0]},"s":{"k":[100,100]},"sk":{"k":0},"sa":{"k":0},"hd":false}]},{"ty":"gr","hd":false,"it":[{"ty":"sh","ks":{"k":{"i":[[0,0],[-1.08,-0.52],[0,0],[0,0],[-0.53,-0.21],[0,0],[-0.27,-0.06],[-0.29,-0.04],[-2.36,-0.33],[0,0],[0,0],[2.39,0.19],[2.39,0.43],[0.3,0.07],[0.29,0.13],[0.54,0.28],[1.04,0.61],[2.02,1.3]],"o":[[1.09,0.51],[0,0],[0,0],[0.54,0.26],[0,0],[0.25,0.11],[0.29,0.06],[2.33,0.43],[0,0],[0,0],[-2.4,-0.05],[-2.39,-0.19],[-0.3,-0.05],[-0.31,-0.07],[-0.56,-0.25],[-1.06,-0.57],[-2.08,-1.17],[0,0]],"v":[[413.57,188.51],[416.8,190.09],[420,191.71],[423.21,193.33],[424.81,194.08],[424.81,194.08],[425.59,194.34],[426.45,194.52],[433.53,195.55],[437.09,196.01],[440.65,196.52],[433.47,196.12],[426.31,195.25],[425.41,195.06],[424.51,194.75],[422.88,193.94],[419.73,192.2],[413.57,188.51]],"c":true}}},{"ty":"fl","o":{"k":100},"c":{"k":[0,0,0,1]}},{"ty":"tr","o":{"k":100},"r":{"k":0},"p":{"k":[0,0]},"a":{"k":[0,0]},"s":{"k":[100,100]},"sk":{"k":0},"sa":{"k":0},"hd":false}]},{"ty":"gr","hd":false,"it":[{"ty":"sh","ks":{"k":{"i":[[0,0],[0,0],[-0.85,2.09],[-0.22,1.09],[-0.06,1.12],[0.05,2.25],[0.06,1.12],[0.05,0.55],[0.05,0.25],[0,0],[0.11,0.24],[0.99,2.04],[0,0],[-1.93,-4.11],[0,0],[-0.07,-0.29],[-0.04,-0.29],[-0.04,-0.57],[-0.03,-1.16],[0.15,-2.28],[0,0],[0.23,-1.13],[0.47,-1.05],[1.01,-2.04],[2.16,-3.98]],"o":[[0,0],[0.91,-2.07],[0.45,-1.02],[0.2,-1.1],[0.17,-2.25],[0,-1.12],[0,-0.56],[0,-0.28],[0,0],[-0.06,-0.26],[-0.86,-2.06],[0,0],[2.25,3.95],[0,0],[0.12,0.27],[0.07,0.31],[0.07,0.57],[0.07,1.13],[0.07,2.25],[0,0],[-0.07,1.14],[-0.23,1.13],[-0.89,2.1],[-1.98,4.08],[0,0]],"v":[[395.34,264.61],[401.02,252.28],[403.75,246.07],[404.75,242.9],[405.15,239.58],[405.31,232.83],[405.18,229.45],[405.05,227.77],[404.94,226.96],[404.95,226.96],[404.7,226.21],[401.83,220.08],[398.87,213.96],[405.23,225.96],[405.23,225.97],[405.54,226.81],[405.68,227.68],[405.83,229.39],[406,232.8],[405.9,239.62],[405.9,239.62],[405.45,243.03],[404.38,246.32],[401.54,252.51],[395.34,264.61]],"c":true}}},{"ty":"fl","o":{"k":100},"c":{"k":[0,0,0,1]}},{"ty":"tr","o":{"k":100},"r":{"k":0},"p":{"k":[0,0]},"a":{"k":[0,0]},"s":{"k":[100,100]},"sk":{"k":0},"sa":{"k":0},"hd":false}]},{"ty":"gr","hd":false,"it":[{"ty":"sh","ks":{"k":{"i":[[0,0],[-3.86,0.05],[-0.95,0.08],[0,0],[-0.94,0.18],[-0.43,0.18],[-0.43,0.21],[-0.86,0.44],[-6.69,3.82],[0,0],[-0.79,0.49],[-0.79,0.55],[-3.16,2.21],[0,0],[6.24,-4.54],[3.18,-2.19],[0.82,-0.53],[0.83,-0.49],[0,0],[3.38,-1.87],[3.52,-1.67],[0.89,-0.38],[0.45,-0.18],[0,0],[0.48,-0.11],[0.97,-0.01],[0.97,0.04],[3.85,0.32]],"o":[[3.86,0.15],[0.96,0],[0,0],[0.95,-0.03],[0.45,-0.11],[0.44,-0.19],[0.88,-0.4],[6.86,-3.5],[0,0],[0.83,-0.47],[0.8,-0.49],[3.2,-2.14],[0,0],[-6.13,4.7],[-3.11,2.28],[-0.8,0.55],[-0.82,0.52],[0,0],[-3.35,1.91],[-3.39,1.84],[-0.87,0.43],[-0.43,0.2],[0,0],[-0.46,0.18],[-0.96,0.17],[-0.97,0.04],[-3.86,-0.04],[0,0]],"v":[[317.74,253.34],[329.3,253.58],[332.18,253.5],[332.18,253.49],[335.02,253.18],[336.35,252.73],[337.67,252.17],[340.27,250.93],[360.52,239.77],[365.55,236.91],[368.07,235.5],[370.47,233.93],[379.96,227.33],[398.85,213.95],[380.3,227.79],[370.86,234.5],[368.43,236.1],[365.91,237.54],[360.88,240.41],[350.78,246.06],[340.52,251.43],[337.88,252.65],[336.52,253.2],[336.52,253.2],[335.11,253.64],[332.2,253.91],[329.3,253.91],[317.74,253.34]],"c":true}}},{"ty":"fl","o":{"k":100},"c":{"k":[0,0,0,1]}},{"ty":"tr","o":{"k":100},"r":{"k":0},"p":{"k":[0,0]},"a":{"k":[0,0]},"s":{"k":[100,100]},"sk":{"k":0},"sa":{"k":0},"hd":false}]},{"ty":"gr","hd":false,"it":[{"ty":"sh","ks":{"k":{"i":[[0,0],[0,0],[0,0],[0,0],[0,0],[0,0],[0,0],[0,0],[0,0],[0,0],[0.21,-0.04],[1.66,-0.16],[1.65,-0.11],[1.66,-0.04],[0.84,0],[0.21,0],[0,0],[0.22,0.05],[0.2,0.13],[0.18,0.12],[2.75,1.84],[5.35,3.9],[1.26,1.13],[0,0],[0,0],[0.66,0.52],[2.75,1.82],[5.6,3.5],[-5.59,-3.53],[-2.71,-1.89],[-0.65,-0.52],[0,0],[0,0],[-1.33,-1],[-5.5,-3.68],[-2.8,-1.71],[-0.16,-0.08],[0,0],[-0.18,-0.03],[-0.19,-0.01],[-0.21,0],[-0.82,0],[-1.64,0.11],[-1.63,0.15],[-1.58,0.3],[-0.19,0.05],[0,0],[0,0],[-0.09,0.05],[0,0],[0,0],[0,0],[0,0],[0,0]],"o":[[0,0],[0,0],[0,0],[0,0],[0,0],[0,0],[0,0],[0,0],[0,0],[-0.21,0.06],[-1.66,0.32],[-1.66,0.16],[-1.65,0.11],[-0.82,0],[-0.21,0],[0,0],[-0.22,0],[-0.23,-0.04],[-0.19,-0.1],[-2.83,-1.75],[-5.47,-3.71],[-1.33,-0.99],[0,0],[0,0],[-0.64,-0.52],[-2.68,-1.92],[-5.5,-3.65],[5.67,3.4],[2.78,1.79],[0.67,0.49],[0,0],[0,0],[1.21,1.07],[5.39,3.82],[2.75,1.83],[0.17,0.11],[0,0],[0.15,0.11],[0.18,0.04],[0.2,0],[0.81,0],[1.64,-0.04],[1.64,-0.11],[1.64,-0.15],[0.19,-0.03],[0,0],[0,0],[0.09,-0.04],[0,0],[0,0],[0,0],[0,0],[0,0],[0,0]],"v":[[405.23,238.06],[387.75,247.42],[370.25,256.71],[352.72,265.96],[348.33,268.27],[346.14,269.41],[345.05,269.99],[344.76,270.13],[344.42,270.26],[344.41,270.26],[343.78,270.42],[338.82,271.05],[333.87,271.45],[328.91,271.67],[326.41,271.67],[325.77,271.67],[325.77,271.66],[325.1,271.57],[324.46,271.32],[323.9,270.99],[315.6,265.54],[299.33,254.21],[295.39,251.15],[294.47,250.36],[293.49,249.61],[291.51,248.11],[283.33,242.53],[266.65,231.83],[283.53,242.22],[291.78,247.72],[293.79,249.18],[294.78,249.93],[295.74,250.75],[299.66,253.75],[315.98,265],[324.27,270.39],[324.78,270.7],[324.77,270.7],[325.27,270.91],[325.82,270.98],[326.43,271.02],[328.89,271.02],[333.82,270.78],[338.75,270.41],[343.62,269.8],[344.18,269.67],[344.42,269.59],[344.42,269.59],[344.69,269.45],[345.79,268.88],[347.99,267.73],[352.39,265.44],[369.98,256.2],[387.59,247.09]],"c":true}}},{"ty":"fl","o":{"k":100},"c":{"k":[0,0,0,1]}},{"ty":"tr","o":{"k":100},"r":{"k":0},"p":{"k":[0,0]},"a":{"k":[0,0]},"s":{"k":[100,100]},"sk":{"k":0},"sa":{"k":0},"hd":false}]},{"ty":"gr","hd":false,"it":[{"ty":"sh","ks":{"k":{"i":[[0,0],[-4.57,2.56],[-2.3,1.23],[-2.38,1.09],[-9.55,4.18],[-1.23,0.47],[-0.31,0.1],[-0.31,0.12],[-0.61,0.23],[0,0],[0,0],[-2.49,0.85],[0,0],[-0.67,0.06],[-0.65,0.05],[-1.3,0.07],[-2.61,0.11],[-5.22,0.13],[5.2,-0.32],[2.6,-0.2],[1.3,-0.13],[0.64,-0.09],[0,0],[0.6,-0.21],[4.83,-1.97],[0,0],[0.61,-0.22],[0.34,-0.1],[0.32,-0.13],[1.2,-0.5],[9.53,-4.26],[2.32,-1.21],[0,0],[4.58,-2.5]],"o":[[4.5,-2.61],[2.28,-1.27],[2.3,-1.23],[9.5,-4.38],[1.2,-0.51],[0.29,-0.12],[0.31,-0.11],[0.6,-0.22],[0,0],[0,0],[2.43,-0.97],[0,0],[0.63,-0.22],[0.65,-0.08],[1.3,-0.11],[2.61,-0.16],[5.22,-0.2],[-5.22,0.25],[-2.6,0.16],[-1.3,0.09],[-0.64,0.06],[0,0],[-0.63,0.06],[-4.86,1.81],[0,0],[-0.61,0.24],[-0.31,0.11],[-0.34,0.1],[-1.2,0.47],[-9.59,4.11],[-2.38,1.06],[0,0],[-4.61,2.44],[0,0]],"v":[[101.78,279.9],[115.38,272.14],[122.25,268.39],[129.23,264.82],[157.82,251.99],[161.45,250.49],[162.41,250.16],[163.3,249.86],[165.12,249.16],[172.38,246.24],[179.64,243.3],[186.98,240.51],[186.98,240.51],[188.94,240.1],[190.9,239.9],[194.8,239.63],[202.63,239.23],[218.29,238.73],[202.65,239.59],[194.84,240.11],[190.95,240.43],[189.01,240.65],[189.01,240.64],[187.16,241.06],[172.64,246.88],[165.38,249.83],[163.55,250.54],[162.59,250.86],[161.71,251.18],[158.11,252.68],[129.47,265.34],[122.46,268.8],[115.56,272.48],[101.78,279.9]],"c":true}}},{"ty":"fl","o":{"k":100},"c":{"k":[0,0,0,1]}},{"ty":"tr","o":{"k":100},"r":{"k":0},"p":{"k":[0,0]},"a":{"k":[0,0]},"s":{"k":[100,100]},"sk":{"k":0},"sa":{"k":0},"hd":false}]},{"ty":"gr","hd":false,"it":[{"ty":"sh","ks":{"k":{"i":[[0,0],[-3.46,1],[-1.79,0.43],[-1.82,0.07],[-3.6,0.01],[0,0],[-1.8,-0.08],[0,0],[0,0],[3.59,-0.22],[0,0],[1.75,-0.34],[1.77,-0.43]],"o":[[3.41,-1.17],[1.73,-0.52],[1.78,-0.37],[3.6,-0.18],[0,0],[1.8,0.05],[0,0],[0,0],[-3.6,0.14],[0,0],[-1.78,0.04],[-1.75,0.39],[0,0]],"v":[[224.11,237.25],[234.41,234],[239.66,232.59],[245.08,231.94],[255.88,231.66],[261.28,231.66],[266.68,231.8],[261.29,232.03],[255.89,232.23],[245.12,232.68],[245.11,232.68],[239.82,233.25],[234.57,234.55]],"c":true}}},{"ty":"fl","o":{"k":100},"c":{"k":[0,0,0,1]}},{"ty":"tr","o":{"k":100},"r":{"k":0},"p":{"k":[0,0]},"a":{"k":[0,0]},"s":{"k":[100,100]},"sk":{"k":0},"sa":{"k":0},"hd":false}]},{"ty":"gr","hd":false,"it":[{"ty":"sh","ks":{"k":{"i":[[0,0],[0,0],[-3.34,2.23],[-3.5,1.94],[-7.14,3.69],[-3.62,1.73],[-1.86,0.78],[0,0],[-1.98,0.41],[-7.88,1.51],[0,0],[-2.02,0.21],[-2.01,0.17],[-8.02,0.61],[0,0],[0,0],[7.98,-0.77],[2.01,-0.21],[1.97,-0.42],[0,0],[7.79,-1.79],[0,0],[1.85,-0.71],[1.81,-0.86],[3.57,-1.82],[7.04,-3.84],[3.4,-2.09],[3.28,-2.31]],"o":[[0,0],[3.25,-2.33],[3.34,-2.23],[7,-3.89],[3.57,-1.83],[1.81,-0.87],[0,0],[1.88,-0.73],[7.84,-1.76],[0,0],[1.95,-0.41],[2.02,-0.21],[7.99,-0.75],[0,0],[0,0],[-7.99,0.66],[-2,0.19],[-2.01,0.22],[0,0],[-7.86,1.55],[0,0],[-1.95,0.39],[-1.84,0.75],[-3.62,1.71],[-7.14,3.66],[-3.5,1.93],[-3.4,2.09],[0,0]],"v":[[96.92,283.43],[116.32,269.18],[126.15,262.25],[136.58,256.25],[157.79,244.88],[168.55,239.49],[174.04,237],[174.05,236.99],[179.86,235.27],[203.45,230.52],[215.25,228.32],[221.25,227.43],[227.25,226.84],[251.25,224.89],[275.25,223.25],[251.25,225.25],[227.3,227.34],[221.3,227.95],[215.38,228.87],[203.57,231.12],[180.02,235.98],[180.02,235.98],[174.32,237.64],[168.85,240.09],[158.08,245.42],[136.82,256.67],[126.39,262.61],[116.53,269.48]],"c":true}}},{"ty":"fl","o":{"k":100},"c":{"k":[0,0,0,1]}},{"ty":"tr","o":{"k":100},"r":{"k":0},"p":{"k":[0,0]},"a":{"k":[0,0]},"s":{"k":[100,100]},"sk":{"k":0},"sa":{"k":0},"hd":false}]},{"ty":"gr","hd":false,"it":[{"ty":"sh","ks":{"k":{"i":[[0,0],[0,0],[0,0],[1.04,-0.56],[1.03,-0.59],[8.09,-4.95],[0.98,-0.68],[0,0],[1.87,-1.46],[1.81,-1.54],[0,0],[1.59,-1.75],[2.91,-3.77],[2.87,-3.81],[-6.02,7.42],[-1.84,1.54],[-1.87,1.48],[-1.92,1.43],[0,0],[-0.98,0.62],[-4.11,2.4],[-4.16,2.29],[-1.05,0.55],[-1.07,0.52],[0,0]],"o":[[0,0],[0,0],[-1.06,0.54],[-1.04,0.56],[-8.25,4.74],[-1.01,0.62],[0,0],[-1.91,1.41],[-1.87,1.5],[0,0],[-1.82,1.52],[-3.07,3.61],[-2.9,3.77],[5.56,-7.74],[1.59,-1.8],[1.8,-1.56],[1.87,-1.48],[0,0],[0.98,-0.75],[4.08,-2.48],[4.11,-2.4],[1.05,-0.58],[1.06,-0.55],[0,0],[0,0]],"v":[[170.01,211.67],[157.26,218.17],[150.89,221.38],[147.71,223],[144.6,224.73],[120.01,239.24],[117.01,241.14],[114.14,243.25],[108.46,247.57],[102.94,252.07],[102.94,252.06],[97.82,256.96],[88.96,268.13],[80.3,279.5],[97.38,256.57],[102.52,251.57],[108.04,247.02],[113.71,242.66],[116.58,240.54],[119.58,238.59],[131.87,231.31],[144.28,224.23],[147.43,222.53],[150.64,220.95],[157.06,217.83]],"c":true}}},{"ty":"fl","o":{"k":100},"c":{"k":[0,0,0,1]}},{"ty":"tr","o":{"k":100},"r":{"k":0},"p":{"k":[0,0]},"a":{"k":[0,0]},"s":{"k":[100,100]},"sk":{"k":0},"sa":{"k":0},"hd":false}]},{"ty":"gr","hd":false,"it":[{"ty":"sh","ks":{"k":{"i":[[0,0],[-3.48,-1.43],[-1.75,-0.68],[-0.89,-0.3],[-0.91,-0.23],[-7.35,-1.64],[-3.68,-0.77],[-1.85,-0.35],[0,0],[-1.88,-0.09],[-7.55,-0.41],[-1.88,0.04],[0,0],[0,0],[-3.75,0.29],[-0.91,0.15],[-0.92,0.21],[0,0],[-7.29,1.93],[0,0],[14.59,-3.78],[0,0],[0.94,-0.18],[0.95,-0.09],[3.75,-0.24],[0,0],[0,0],[1.91,0.11],[7.51,0.57],[1.86,0.3],[1.84,0.36],[3.68,0.82],[7.3,1.86],[0.9,0.3],[0.88,0.34],[1.76,0.73],[3.45,1.5]],"o":[[3.46,1.5],[1.75,0.71],[0.88,0.34],[0.89,0.3],[7.3,1.84],[3.68,0.81],[1.84,0.38],[0,0],[1.86,0.3],[7.5,0.55],[1.88,0.11],[0,0],[0,0],[3.75,-0.2],[0.94,-0.08],[0.91,-0.15],[0,0],[7.3,-1.87],[0,0],[-14.53,3.99],[0,0],[-0.91,0.22],[-0.94,0.18],[-3.75,0.29],[0,0],[0,0],[-1.88,0.05],[-7.54,-0.4],[-1.89,-0.1],[-1.85,-0.34],[-3.69,-0.75],[-7.35,-1.66],[-0.91,-0.24],[-0.9,-0.3],[-1.75,-0.7],[-3.45,-1.49],[0,0]],"v":[[53.71,270],[64.13,274.36],[69.38,276.46],[72.03,277.44],[74.75,278.19],[96.76,283.3],[107.8,285.68],[113.35,286.78],[113.35,286.77],[118.95,287.36],[141.5,288.86],[147.13,288.82],[152.78,288.6],[164.03,288.06],[175.28,287.36],[178.08,287.07],[180.83,286.45],[186.31,285.08],[208.18,279.36],[230.04,273.59],[186.38,285.32],[180.89,286.71],[178.13,287.34],[175.31,287.65],[164.06,288.4],[152.77,288.97],[147.12,289.2],[141.46,289.26],[118.9,287.71],[113.27,287.11],[107.72,286],[96.68,283.59],[74.67,278.42],[71.95,277.63],[69.3,276.63],[64.05,274.49],[53.71,270]],"c":true}}},{"ty":"fl","o":{"k":100},"c":{"k":[0,0,0,1]}},{"ty":"tr","o":{"k":100},"r":{"k":0},"p":{"k":[0,0]},"a":{"k":[0,0]},"s":{"k":[100,100]},"sk":{"k":0},"sa":{"k":0},"hd":false}]},{"ty":"gr","hd":false,"it":[{"ty":"sh","ks":{"k":{"i":[[0,0],[-1.95,-0.11],[0,0],[0,0],[-1.95,-0.2],[1.95,0.1],[0,0],[0,0],[1.95,0.21]],"o":[[1.95,0.07],[0,0],[0,0],[1.95,0.16],[-1.95,-0.07],[0,0],[0,0],[-1.95,-0.15],[0,0]],"v":[[385.18,251.05],[391.04,251.3],[396.9,251.66],[402.75,252.1],[408.6,252.64],[402.73,252.39],[396.88,252.03],[391.03,251.59],[385.18,251.05]],"c":true}}},{"ty":"fl","o":{"k":100},"c":{"k":[0,0,0,1]}},{"ty":"tr","o":{"k":100},"r":{"k":0},"p":{"k":[0,0]},"a":{"k":[0,0]},"s":{"k":[100,100]},"sk":{"k":0},"sa":{"k":0},"hd":false}]},{"ty":"gr","hd":false,"it":[{"ty":"sh","ks":{"k":{"i":[[0,0],[0.97,1.5],[0.84,1.61],[-0.97,-1.5],[-0.85,-1.59]],"o":[[-1.09,-1.43],[-0.98,-1.5],[1.09,1.43],[0.97,1.5],[0,0]],"v":[[224.11,237.25],[221.04,232.84],[218.29,228.22],[221.36,232.63],[224.11,237.25]],"c":true}}},{"ty":"fl","o":{"k":100},"c":{"k":[0,0,0,1]}},{"ty":"tr","o":{"k":100},"r":{"k":0},"p":{"k":[0,0]},"a":{"k":[0,0]},"s":{"k":[100,100]},"sk":{"k":0},"sa":{"k":0},"hd":false}]},{"ty":"gr","hd":false,"it":[{"ty":"sh","ks":{"k":{"i":[[0,0],[-1.88,0.83],[-1.96,0.67],[1.88,-0.82],[1.95,-0.66]],"o":[[1.82,-0.95],[1.88,-0.83],[-1.82,0.95],[-1.87,0.83],[0,0]],"v":[[284.42,255.89],[290,253.3],[295.71,251.05],[290.14,253.64],[284.42,255.89]],"c":true}}},{"ty":"fl","o":{"k":100},"c":{"k":[0,0,0,1]}},{"ty":"tr","o":{"k":100},"r":{"k":0},"p":{"k":[0,0]},"a":{"k":[0,0]},"s":{"k":[100,100]},"sk":{"k":0},"sa":{"k":0},"hd":false}]},{"ty":"gr","hd":false,"it":[{"ty":"sh","ks":{"k":{"i":[[0,0],[-3.16,0.03],[0,0],[0,0],[-3.16,-0.09],[3.16,-0.02],[0,0],[0,0],[3.16,0.09]],"o":[[3.16,-0.07],[0,0],[0,0],[3.16,0],[-3.16,0.07],[0,0],[0,0],[-3.16,0],[0,0]],"v":[[199.2,261.62],[208.67,261.48],[218.14,261.43],[227.6,261.48],[237.07,261.62],[227.6,261.76],[218.14,261.81],[208.67,261.75],[199.2,261.62]],"c":true}}},{"ty":"fl","o":{"k":100},"c":{"k":[0,0,0,1]}},{"ty":"tr","o":{"k":100},"r":{"k":0},"p":{"k":[0,0]},"a":{"k":[0,0]},"s":{"k":[100,100]},"sk":{"k":0},"sa":{"k":0},"hd":false}]},{"ty":"gr","hd":false,"it":[{"ty":"sh","ks":{"k":{"i":[[0,0],[-0.25,-3.86],[-0.08,-1.93],[0.08,-1.95],[0.24,-0.95],[0.23,-0.95],[0.51,-1.86],[1.11,-3.71],[0,0],[0,0],[0,0],[-0.08,0.95],[0.06,1.93],[0,0]],"o":[[0.34,3.86],[0.14,1.93],[0.08,1.93],[-0.09,0.97],[-0.22,0.95],[-0.47,1.88],[-1,3.73],[0,0],[0,0],[0,0],[0.23,-0.93],[0.09,-1.91],[0,0],[0,0]],"v":[[202.63,265.57],[203.52,277.14],[203.83,282.93],[203.93,288.74],[203.43,291.62],[202.75,294.45],[201.29,300.06],[198.14,311.22],[201,300],[202.41,294.38],[203.06,291.56],[203.54,288.73],[203.48,282.96],[203.22,277.17]],"c":true}}},{"ty":"fl","o":{"k":100},"c":{"k":[0,0,0,1]}},{"ty":"tr","o":{"k":100},"r":{"k":0},"p":{"k":[0,0]},"a":{"k":[0,0]},"s":{"k":[100,100]},"sk":{"k":0},"sa":{"k":0},"hd":false}]},{"ty":"gr","hd":false,"it":[{"ty":"sh","ks":{"k":{"i":[[0,0],[0.5,-3.25],[0.61,-3.23],[0.36,-1.6],[0.22,-0.79],[0,0],[0.49,-0.67],[3.11,-1.21],[-2.01,2.61],[-0.16,0.79],[-0.17,0.8],[-0.31,1.61],[-0.61,3.23]],"o":[[-0.5,3.25],[-0.55,3.24],[-0.32,1.61],[-0.19,0.8],[0,0],[-0.18,0.81],[-2.08,2.61],[3.01,-1.33],[0.46,-0.66],[0.21,-0.79],[0.34,-1.6],[0.64,-3.22],[0,0]],"v":[[164.25,276.5],[162.75,286.25],[161,295.95],[159.99,300.78],[159.41,303.18],[159.41,303.17],[158.39,305.42],[150.46,311.25],[158.12,305.25],[159.06,303.05],[159.62,300.66],[160.6,295.84],[162.43,286.16]],"c":true}}},{"ty":"fl","o":{"k":100},"c":{"k":[0,0,0,1]}},{"ty":"tr","o":{"k":100},"r":{"k":0},"p":{"k":[0,0]},"a":{"k":[0,0]},"s":{"k":[100,100]},"sk":{"k":0},"sa":{"k":0},"hd":false}]},{"ty":"gr","hd":false,"it":[{"ty":"sh","ks":{"k":{"i":[[0,0],[1.39,-1.98],[1.54,-1.87],[-1.4,1.99],[-1.54,1.88]],"o":[[-1.28,2.05],[-1.39,1.98],[1.28,-2.05],[1.39,-1.99],[0,0]],"v":[[151.21,277.55],[147.14,283.55],[142.77,289.31],[146.84,283.31],[151.21,277.55]],"c":true}}},{"ty":"fl","o":{"k":100},"c":{"k":[0,0,0,1]}},{"ty":"tr","o":{"k":100},"r":{"k":0},"p":{"k":[0,0]},"a":{"k":[0,0]},"s":{"k":[100,100]},"sk":{"k":0},"sa":{"k":0},"hd":false}]},{"ty":"gr","hd":false,"it":[{"ty":"sh","ks":{"k":{"i":[[0,0],[-0.4,-2.31],[-0.19,-2.34],[0.39,2.32],[0.25,2.34]],"o":[[0.52,2.29],[0.4,2.31],[-0.52,-2.3],[-0.39,-2.32],[0,0]],"v":[[66,262.05],[67.3,268.96],[68.24,275.95],[66.94,269.03],[66,262.05]],"c":true}}},{"ty":"fl","o":{"k":100},"c":{"k":[0,0,0,1]}},{"ty":"tr","o":{"k":100},"r":{"k":0},"p":{"k":[0,0]},"a":{"k":[0,0]},"s":{"k":[100,100]},"sk":{"k":0},"sa":{"k":0},"hd":false}]},{"ty":"gr","hd":false,"it":[{"ty":"sh","ks":{"k":{"i":[[0,0],[0,0],[0,0],[-1.05,0.86],[-1.08,0.79],[-4.36,2.96],[-2.21,1.44],[-1.2,0.64],[-1.18,0.59],[0,0],[0,0],[0,0],[0,0],[-0.62,0.24],[-10.2,2.64],[0,0],[5.04,-1.49],[0,0],[0.57,-0.31],[0,0],[0,0],[0,0],[0,0],[1.21,-0.55],[1.09,-0.7],[2.19,-1.47],[4.34,-2.99],[1.05,-0.75],[1.02,-0.88],[0,0]],"o":[[0,0],[0,0],[0.98,-0.88],[1.05,-0.86],[4.32,-3],[2.18,-1.5],[1.11,-0.75],[1.2,-0.64],[0,0],[0,0],[0,0],[0,0],[0.59,-0.31],[10.16,-2.9],[0,0],[-5.08,1.39],[0,0],[-0.61,0.24],[0,0],[0,0],[0,0],[0,0],[-1.18,0.58],[-1.21,0.55],[-2.25,1.43],[-4.37,2.94],[-1.08,0.75],[-1.05,0.75],[0,0],[0,0]],"v":[[90.07,277.55],[101.72,266.86],[107.59,261.56],[110.59,258.93],[113.82,256.64],[126.86,247.7],[133.43,243.31],[136.82,241.21],[140.36,239.48],[154.5,232.42],[161.57,228.88],[165.1,227.11],[166.87,226.22],[168.68,225.4],[199.24,217.27],[183.98,221.42],[168.76,225.63],[168.76,225.63],[166.98,226.45],[165.22,227.34],[161.7,229.12],[154.64,232.7],[140.53,239.82],[136.96,241.55],[133.62,243.59],[127.03,247.96],[113.96,256.85],[110.73,259.1],[107.73,261.71],[101.85,266.96]],"c":true}}},{"ty":"fl","o":{"k":100},"c":{"k":[0,0,0,1]}},{"ty":"tr","o":{"k":100},"r":{"k":0},"p":{"k":[0,0]},"a":{"k":[0,0]},"s":{"k":[100,100]},"sk":{"k":0},"sa":{"k":0},"hd":false}]},{"ty":"gr","hd":false,"it":[{"ty":"sh","ks":{"k":{"i":[[0,0],[-1.89,0.02],[0,0],[0,0],[-1.89,-0.07],[1.89,-0.02],[0,0],[0,0],[1.9,0.07]],"o":[[1.89,-0.07],[0,0],[0,0],[1.9,0],[-1.9,0.07],[0,0],[0,0],[-1.89,-0.02],[0,0]],"v":[[164.25,250.08],[169.93,249.94],[175.62,249.89],[181.32,249.94],[187.01,250.08],[181.32,250.22],[175.62,250.27],[169.93,250.22],[164.25,250.08]],"c":true}}},{"ty":"fl","o":{"k":100},"c":{"k":[0,0,0,1]}},{"ty":"tr","o":{"k":100},"r":{"k":0},"p":{"k":[0,0]},"a":{"k":[0,0]},"s":{"k":[100,100]},"sk":{"k":0},"sa":{"k":0},"hd":false}]},{"ty":"gr","hd":false,"it":[{"ty":"sh","ks":{"k":{"i":[[0,0],[-1.24,-0.64],[-1.18,-0.74],[1.25,0.63],[1.19,0.74]],"o":[[1.3,0.5],[1.25,0.62],[-1.3,-0.5],[-1.25,-0.62],[0,0]],"v":[[107.6,238],[111.43,239.71],[115.09,241.74],[111.26,240.04],[107.6,238]],"c":true}}},{"ty":"fl","o":{"k":100},"c":{"k":[0,0,0,1]}},{"ty":"tr","o":{"k":100},"r":{"k":0},"p":{"k":[0,0]},"a":{"k":[0,0]},"s":{"k":[100,100]},"sk":{"k":0},"sa":{"k":0},"hd":false}]},{"ty":"gr","hd":false,"it":[{"ty":"sh","ks":{"k":{"i":[[0,0],[0,0],[0,0],[0,0],[-1.07,0.62],[-1.99,1.48],[0,0],[0,0],[0,0],[0,0],[0,0],[2.1,-1.4],[1.15,-0.49],[0,0],[0,0],[0,0]],"o":[[0,0],[0,0],[0,0],[1.14,-0.5],[2.07,-1.34],[0,0],[0,0],[0,0],[0,0],[0,0],[-2,1.5],[-1.09,0.62],[0,0],[0,0],[0,0],[0,0]],"v":[[80.77,248.25],[94.5,242.25],[101.33,239.25],[104.7,237.75],[108.02,236.07],[114.07,231.73],[120.03,227.23],[131.86,218.12],[126.05,222.75],[120.18,227.37],[114.26,231.94],[108.21,236.34],[104.84,238],[101.43,239.5],[94.57,242.46],[87.69,245.39]],"c":true}}},{"ty":"fl","o":{"k":100},"c":{"k":[0,0,0,1]}},{"ty":"tr","o":{"k":100},"r":{"k":0},"p":{"k":[0,0]},"a":{"k":[0,0]},"s":{"k":[100,100]},"sk":{"k":0},"sa":{"k":0},"hd":false}]},{"ty":"gr","hd":false,"it":[{"ty":"sh","ks":{"k":{"i":[[0,0],[-2.75,0],[0,0],[0,0],[-2.76,-0.11],[2.77,0],[0,0],[0,0],[2.74,0.12]],"o":[[2.75,0],[0,0],[0,0],[2.74,0.07],[-2.75,0],[0,0],[0,0],[-2.73,-0.07],[0,0]],"v":[[125.88,266.43],[134.13,266.43],[142.34,266.53],[150.55,266.7],[158.8,266.98],[150.55,266.98],[142.34,266.89],[134.09,266.71],[125.88,266.43]],"c":true}}},{"ty":"fl","o":{"k":100},"c":{"k":[0,0,0,1]}},{"ty":"tr","o":{"k":100},"r":{"k":0},"p":{"k":[0,0]},"a":{"k":[0,0]},"s":{"k":[100,100]},"sk":{"k":0},"sa":{"k":0},"hd":false}]},{"ty":"gr","hd":false,"it":[{"ty":"sh","ks":{"k":{"i":[[0,0],[-2.16,-0.49],[0,0],[0,0],[-2.13,-0.59],[2.17,0.5],[0,0],[0,0],[2.15,0.59]],"o":[[2.18,0.45],[0,0],[0,0],[2.16,0.54],[-2.17,-0.45],[0,0],[0,0],[-2.15,-0.54],[0,0]],"v":[[99.05,255.85],[105.55,257.26],[112.04,258.76],[118.48,260.36],[124.92,262.04],[118.41,260.63],[111.94,259.13],[105.48,257.54],[99.05,255.85]],"c":true}}},{"ty":"fl","o":{"k":100},"c":{"k":[0,0,0,1]}},{"ty":"tr","o":{"k":100},"r":{"k":0},"p":{"k":[0,0]},"a":{"k":[0,0]},"s":{"k":[100,100]},"sk":{"k":0},"sa":{"k":0},"hd":false}]},{"ty":"gr","hd":false,"it":[{"ty":"sh","ks":{"k":{"i":[[0,0],[-1.45,-0.69],[-1.48,-0.63],[-1.49,-0.61],[-1.5,-0.59],[1.51,0.56],[1.5,0.64],[1.43,0.74],[1.36,0.86]],"o":[[1.43,0.75],[1.45,0.69],[1.48,0.63],[1.49,0.61],[-1.55,-0.45],[-1.51,-0.56],[-1.5,-0.64],[-1.44,-0.74],[0,0]],"v":[[79.07,250.08],[83.39,252.21],[87.78,254.22],[92.22,256.1],[96.72,257.88],[92.13,256.38],[87.63,254.56],[83.27,252.48],[79.07,250.08]],"c":true}}},{"ty":"fl","o":{"k":100},"c":{"k":[0,0,0,1]}},{"ty":"tr","o":{"k":100},"r":{"k":0},"p":{"k":[0,0]},"a":{"k":[0,0]},"s":{"k":[100,100]},"sk":{"k":0},"sa":{"k":0},"hd":false}]},{"ty":"tr","o":{"k":100},"r":{"k":0},"p":{"k":[0,0]},"a":{"k":[0,0]},"s":{"k":[100,100]},"sk":{"k":0},"sa":{"k":0},"hd":false}]},{"ty":"tr","o":{"k":100},"r":{"k":0},"p":{"k":[0,0]},"a":{"k":[0,0]},"s":{"k":[100,100]},"sk":{"k":0},"sa":{"k":0},"hd":false}]},{"ty":"tr","o":{"k":100},"r":{"k":0},"p":{"k":[0,0]},"a":{"k":[0,0]},"s":{"k":[100,100]},"sk":{"k":0},"sa":{"k":0},"hd":false}]},{"ty":"tm","s":{"a":0,"k":0,"ix":1},"e":{"a":1,"k":[{"i":{"x":[0.27],"y":[1]},"o":{"x":[0.5],"y":[0]},"t":0,"s":[0]},{"t":66,"s":[100]}],"ix":2},"o":{"a":0,"k":0,"ix":3},"m":1,"ix":2,"hd":false}]}],"meta":{"g":"LF SVG to Lottie"}}