{"v":"5.5.7","meta":{"g":"LottieFiles AE 0.1.20","a":"","k":"","d":"","tc":""},"fr":24,"ip":0,"op":192,"w":3840,"h":2160,"nm":"Electronic ","ddd":0,"assets":[{"id":"comp_0","layers":[{"ddd":0,"ind":1,"ty":3,"nm":"Color Controls","sr":1,"ks":{"o":{"a":0,"k":0,"ix":11},"r":{"a":0,"k":0,"ix":10},"p":{"a":0,"k":[1920,1080,0],"ix":2},"a":{"a":0,"k":[0,0,0],"ix":1},"s":{"a":0,"k":[100,100,100],"ix":6}},"ao":0,"ef":[{"ty":5,"nm":"Plug Icon Color 01","np":3,"mn":"ADBE Color Control","ix":1,"en":1,"ef":[{"ty":2,"nm":"Color","mn":"ADBE Color Control-0001","ix":1,"v":{"a":0,"k":[0.074509806931,0.172549024224,0.262745112181,1],"ix":1}}]},{"ty":5,"nm":"Plug Icon Color 02","np":3,"mn":"ADBE Color Control","ix":2,"en":1,"ef":[{"ty":2,"nm":"Color","mn":"ADBE Color Control-0001","ix":1,"v":{"a":0,"k":[0.976470649242,0.368627458811,0.352941185236,1],"ix":1}}]},{"ty":5,"nm":"Plug Icon Color 03","np":3,"mn":"ADBE Color Control","ix":3,"en":1,"ef":[{"ty":2,"nm":"Color","mn":"ADBE Color Control-0001","ix":1,"v":{"a":0,"k":[0.98431378603,0.250980407,0.231372565031,1],"ix":1}}]},{"ty":5,"nm":"Processor Color 01","np":3,"mn":"ADBE Color Control","ix":4,"en":1,"ef":[{"ty":2,"nm":"Color","mn":"ADBE Color Control-0001","ix":1,"v":{"a":0,"k":[0.874509871006,0.898039281368,0.898039281368,1],"ix":1}}]},{"ty":5,"nm":"Processor Color 02","np":3,"mn":"ADBE Color Control","ix":5,"en":1,"ef":[{"ty":2,"nm":"Color","mn":"ADBE Color Control-0001","ix":1,"v":{"a":0,"k":[0.141176477075,0.670588254929,1,1],"ix":1}}]},{"ty":5,"nm":"Processor Color 03","np":3,"mn":"ADBE Color Control","ix":6,"en":1,"ef":[{"ty":2,"nm":"Color","mn":"ADBE Color Control-0001","ix":1,"v":{"a":0,"k":[0,0.611764729023,1,1],"ix":1}}]},{"ty":5,"nm":"Processor Color 04","np":3,"mn":"ADBE Color Control","ix":7,"en":1,"ef":[{"ty":2,"nm":"Color","mn":"ADBE Color Control-0001","ix":1,"v":{"a":0,"k":[0.874509871006,0.898039281368,0.898039281368,1],"ix":1}}]},{"ty":5,"nm":"Processor Line Color","np":3,"mn":"ADBE Color Control","ix":8,"en":1,"ef":[{"ty":2,"nm":"Color","mn":"ADBE Color Control-0001","ix":1,"v":{"a":0,"k":[0,0.611764729023,1,1],"ix":1}}]},{"ty":5,"nm":"Energy Sign Color 01","np":3,"mn":"ADBE Color Control","ix":9,"en":1,"ef":[{"ty":2,"nm":"Color","mn":"ADBE Color Control-0001","ix":1,"v":{"a":0,"k":[1,0.784313797951,0.247058838606,1],"ix":1}}]},{"ty":5,"nm":"Energy Sign Color 02","np":3,"mn":"ADBE Color Control","ix":10,"en":1,"ef":[{"ty":2,"nm":"Color","mn":"ADBE Color Control-0001","ix":1,"v":{"a":0,"k":[1,0.635294139385,0,1],"ix":1}}]}],"ip":0,"op":192,"st":0,"bm":0},{"ddd":0,"ind":2,"ty":4,"nm":"Electronic","sr":1,"ks":{"o":{"a":0,"k":100,"ix":11},"r":{"a":0,"k":0,"ix":10},"p":{"a":0,"k":[1920,1080,0],"ix":2},"a":{"a":0,"k":[1920,1080,0],"ix":1},"s":{"a":0,"k":[100,100,100],"ix":6}},"ao":0,"shapes":[{"ty":"gr","it":[{"ty":"gr","it":[{"ty":"gr","it":[{"ty":"gr","it":[{"ind":0,"ty":"sh","ix":1,"ks":{"a":0,"k":{"i":[[0,0],[0,0],[0,0],[0,0],[0,0],[0,0],[0,0]],"o":[[0,0],[0,0],[0,0],[0,0],[0,0],[0,0],[0,0]],"v":[[-56.5,174.5],[56.5,-30.5],[-19.5,-29.5],[30.5,-174.5],[2.5,-174.5],[-56.5,-5.5],[12.5,-5.5]],"c":true},"ix":2},"nm":"Path 1","mn":"ADBE Vector Shape - Group","hd":false},{"ty":"fl","c":{"a":0,"k":[1,0.635000011968,0,1],"ix":4,"x":"var $bm_rt;\n$bm_rt = thisComp.layer('Color Controls').effect('Energy Sign Color 02')('ADBE Color Control-0001');"},"o":{"a":0,"k":100,"ix":5},"r":1,"bm":0,"nm":"Fill 1","mn":"ADBE Vector Graphic - Fill","hd":false},{"ty":"tr","p":{"a":0,"k":[1940.5,1047.388],"ix":2},"a":{"a":0,"k":[0,0],"ix":1},"s":{"a":0,"k":[100,100],"ix":3},"r":{"a":0,"k":0,"ix":6},"o":{"a":0,"k":100,"ix":7},"sk":{"a":0,"k":0,"ix":4},"sa":{"a":0,"k":0,"ix":5},"nm":"Transform"}],"nm":"Group 1","np":2,"cix":2,"bm":0,"ix":1,"mn":"ADBE Vector Group","hd":false},{"ty":"gr","it":[{"ind":0,"ty":"sh","ix":1,"ks":{"a":0,"k":{"i":[[0,0],[0,0],[0,0],[0,0],[0,0],[0,0],[0,0]],"o":[[0,0],[0,0],[0,0],[0,0],[0,0],[0,0],[0,0]],"v":[[-13,-174.5],[49,-174.5],[-1,-29.5],[75,-30.5],[-38,174.5],[-3,22.5],[-75,22.5]],"c":true},"ix":2},"nm":"Path 1","mn":"ADBE Vector Shape - Group","hd":false},{"ty":"fl","c":{"a":0,"k":[1,0.783999992819,0.246999987434,1],"ix":4,"x":"var $bm_rt;\n$bm_rt = thisComp.layer('Color Controls').effect('Energy Sign Color 01')('ADBE Color Control-0001');"},"o":{"a":0,"k":100,"ix":5},"r":1,"bm":0,"nm":"Fill 1","mn":"ADBE Vector Graphic - Fill","hd":false},{"ty":"tr","p":{"a":0,"k":[1922,1047.388],"ix":2},"a":{"a":0,"k":[0,0],"ix":1},"s":{"a":0,"k":[100,100],"ix":3},"r":{"a":0,"k":0,"ix":6},"o":{"a":0,"k":100,"ix":7},"sk":{"a":0,"k":0,"ix":4},"sa":{"a":0,"k":0,"ix":5},"nm":"Transform"}],"nm":"Group 2","np":2,"cix":2,"bm":0,"ix":2,"mn":"ADBE Vector Group","hd":false},{"ty":"tr","p":{"a":0,"k":[1940.344,874.139],"ix":2},"a":{"a":0,"k":[1940.344,874.139],"ix":1},"s":{"a":1,"k":[{"i":{"x":[0.49,0.49],"y":[1,1]},"o":{"x":[0.66,0.66],"y":[0,0]},"t":16,"s":[0,0]},{"i":{"x":[0.537,0.537],"y":[1,1]},"o":{"x":[0.375,0.375],"y":[0,0]},"t":32,"s":[113,113]},{"i":{"x":[0.537,0.537],"y":[1,1]},"o":{"x":[0.167,0.167],"y":[0,0]},"t":48,"s":[100,100]},{"i":{"x":[0.625,0.625],"y":[1,1]},"o":{"x":[0.463,0.463],"y":[0,0]},"t":144,"s":[100,100]},{"i":{"x":[0.34,0.34],"y":[1,1]},"o":{"x":[0.51,0.51],"y":[0,0]},"t":160,"s":[113,113]},{"t":176,"s":[0,0]}],"ix":3},"r":{"a":0,"k":0,"ix":6},"o":{"a":0,"k":100,"ix":7},"sk":{"a":0,"k":0,"ix":4},"sa":{"a":0,"k":0,"ix":5},"nm":"Transform"}],"nm":"z","np":2,"cix":2,"bm":0,"ix":1,"mn":"ADBE Vector Group","hd":false},{"ty":"gr","it":[{"ind":0,"ty":"sh","ix":1,"ks":{"a":0,"k":{"i":[[0,0],[0,0]],"o":[[0,0],[0,0]],"v":[[2092.878,941.285],[2092.878,1150.731]],"c":false},"ix":2},"nm":"Path 1","mn":"ADBE Vector Shape - Group","hd":false},{"ty":"st","c":{"a":0,"k":[0.875,0.898000021542,0.898000021542,1],"ix":3,"x":"var $bm_rt;\n$bm_rt = thisComp.layer('Color Controls').effect('Processor Color 04')('ADBE Color Control-0001');"},"o":{"a":0,"k":100,"ix":4},"w":{"a":0,"k":20,"ix":5},"lc":2,"lj":2,"bm":0,"nm":"Stroke 1","mn":"ADBE Vector Graphic - Stroke","hd":false},{"ty":"tm","s":{"a":1,"k":[{"i":{"x":[0.044],"y":[1]},"o":{"x":[0.333],"y":[0]},"t":4,"s":[50]},{"i":{"x":[0.833],"y":[1]},"o":{"x":[0.167],"y":[0]},"t":21,"s":[100]},{"i":{"x":[0.667],"y":[1]},"o":{"x":[0.956],"y":[0]},"t":170,"s":[100]},{"t":187,"s":[50]}],"ix":1},"e":{"a":1,"k":[{"i":{"x":[0.044],"y":[1]},"o":{"x":[0.333],"y":[0]},"t":4,"s":[50]},{"i":{"x":[0.833],"y":[1]},"o":{"x":[0.167],"y":[0]},"t":21,"s":[0]},{"i":{"x":[0.667],"y":[1]},"o":{"x":[0.956],"y":[0]},"t":170,"s":[0]},{"t":187,"s":[50]}],"ix":2},"o":{"a":0,"k":0,"ix":3},"m":1,"ix":3,"nm":"Trim Paths 1","mn":"ADBE Vector Filter - Trim","hd":false},{"ty":"tr","p":{"a":1,"k":[{"i":{"x":0.1,"y":1},"o":{"x":0.333,"y":0},"t":15,"s":[-174.828,0],"to":[0,0],"ti":[0,0]},{"i":{"x":0.833,"y":0.833},"o":{"x":0.167,"y":0.167},"t":33,"s":[0,0],"to":[0,0],"ti":[0,0]},{"i":{"x":0.667,"y":1},"o":{"x":0.9,"y":0},"t":158,"s":[0,0],"to":[0,0],"ti":[0,0]},{"t":176,"s":[-174.828,0]}],"ix":2},"a":{"a":0,"k":[0,0],"ix":1},"s":{"a":0,"k":[100,100],"ix":3},"r":{"a":0,"k":0,"ix":6},"o":{"a":0,"k":100,"ix":7},"sk":{"a":0,"k":0,"ix":4},"sa":{"a":0,"k":0,"ix":5},"nm":"Transform"}],"nm":"Group 3","np":3,"cix":2,"bm":0,"ix":2,"mn":"ADBE Vector Group","hd":false},{"ty":"gr","it":[{"ind":0,"ty":"sh","ix":1,"ks":{"a":0,"k":{"i":[[0,0],[0,0]],"o":[[0,0],[0,0]],"v":[[1749.122,1150.731],[1749.122,939.877]],"c":false},"ix":2},"nm":"Path 1","mn":"ADBE Vector Shape - Group","hd":false},{"ty":"st","c":{"a":0,"k":[0.875,0.898000021542,0.898000021542,1],"ix":3,"x":"var $bm_rt;\n$bm_rt = thisComp.layer('Color Controls').effect('Processor Color 04')('ADBE Color Control-0001');"},"o":{"a":0,"k":100,"ix":4},"w":{"a":0,"k":20,"ix":5},"lc":2,"lj":2,"bm":0,"nm":"Stroke 1","mn":"ADBE Vector Graphic - Stroke","hd":false},{"ty":"tm","s":{"a":1,"k":[{"i":{"x":[0.044],"y":[1]},"o":{"x":[0.333],"y":[0]},"t":4,"s":[50]},{"i":{"x":[0.833],"y":[1]},"o":{"x":[0.167],"y":[0]},"t":21,"s":[100]},{"i":{"x":[0.667],"y":[1]},"o":{"x":[0.956],"y":[0]},"t":170,"s":[100]},{"t":187,"s":[50]}],"ix":1},"e":{"a":1,"k":[{"i":{"x":[0.044],"y":[1]},"o":{"x":[0.333],"y":[0]},"t":4,"s":[50]},{"i":{"x":[0.833],"y":[1]},"o":{"x":[0.167],"y":[0]},"t":21,"s":[0]},{"i":{"x":[0.667],"y":[1]},"o":{"x":[0.956],"y":[0]},"t":170,"s":[0]},{"t":187,"s":[50]}],"ix":2},"o":{"a":0,"k":0,"ix":3},"m":1,"ix":3,"nm":"Trim Paths 1","mn":"ADBE Vector Filter - Trim","hd":false},{"ty":"tr","p":{"a":1,"k":[{"i":{"x":0.1,"y":1},"o":{"x":0.333,"y":0},"t":15,"s":[168.817,0],"to":[0,0],"ti":[0,0]},{"i":{"x":0.833,"y":0.833},"o":{"x":0.167,"y":0.167},"t":33,"s":[0,0],"to":[0,0],"ti":[0,0]},{"i":{"x":0.667,"y":1},"o":{"x":0.9,"y":0},"t":158,"s":[0,0],"to":[0,0],"ti":[0,0]},{"t":176,"s":[168.817,0]}],"ix":2},"a":{"a":0,"k":[0,0],"ix":1},"s":{"a":0,"k":[100,100],"ix":3},"r":{"a":0,"k":0,"ix":6},"o":{"a":0,"k":100,"ix":7},"sk":{"a":0,"k":0,"ix":4},"sa":{"a":0,"k":0,"ix":5},"nm":"Transform"}],"nm":"Group 4","np":3,"cix":2,"bm":0,"ix":3,"mn":"ADBE Vector Group","hd":false},{"ty":"gr","it":[{"ind":0,"ty":"sh","ix":1,"ks":{"a":0,"k":{"i":[[0,0],[0,-7.948],[0,0],[25.555,0.5],[0,0],[3,8]],"o":[[5.258,5.209],[0,0],[0,15.897],[0,0],[-8.023,0],[0,0]],"v":[[224.24,-231.25],[231.75,-211.896],[231.75,202.964],[203.695,230.75],[-215.032,230.75],[-231.75,219.25]],"c":true},"ix":2},"nm":"Path 1","mn":"ADBE Vector Shape - Group","hd":false},{"ty":"fl","c":{"a":0,"k":[0,0.611999990426,1,1],"ix":4,"x":"var $bm_rt;\n$bm_rt = thisComp.layer('Color Controls').effect('Processor Color 03')('ADBE Color Control-0001');"},"o":{"a":0,"k":100,"ix":5},"r":1,"bm":0,"nm":"Fill 1","mn":"ADBE Vector Graphic - Fill","hd":false},{"ty":"tr","p":{"a":0,"k":[1922.25,1048.138],"ix":2},"a":{"a":0,"k":[0,0],"ix":1},"s":{"a":0,"k":[100,100],"ix":3},"r":{"a":0,"k":0,"ix":6},"o":{"a":0,"k":100,"ix":7},"sk":{"a":0,"k":0,"ix":4},"sa":{"a":0,"k":0,"ix":5},"nm":"Transform"}],"nm":"Group 5","np":2,"cix":2,"bm":0,"ix":4,"mn":"ADBE Vector Group","hd":false},{"ty":"gr","it":[{"ind":0,"ty":"sh","ix":1,"ks":{"a":0,"k":{"i":[[16.355,0],[0,0],[0,16.354],[0,0],[-16.354,0],[0,0],[0,-16.355],[0,0]],"o":[[0,0],[-16.354,0],[0,0],[0,-16.355],[0,0],[16.355,0],[0,0],[0,16.354]],"v":[[213.387,243],[-213.387,243],[-243,213.387],[-243,-213.387],[-213.387,-243],[213.387,-243],[243,-213.387],[243,213.387]],"c":true},"ix":2},"nm":"Path 1","mn":"ADBE Vector Shape - Group","hd":false},{"ty":"st","c":{"a":0,"k":[0.875,0.898000021542,0.898000021542,1],"ix":3,"x":"var $bm_rt;\n$bm_rt = thisComp.layer('Color Controls').effect('Processor Color 01')('ADBE Color Control-0001');"},"o":{"a":0,"k":100,"ix":4},"w":{"a":0,"k":20,"ix":5},"lc":1,"lj":1,"ml":10,"bm":0,"nm":"Stroke 1","mn":"ADBE Vector Graphic - Stroke","hd":false},{"ty":"fl","c":{"a":0,"k":[0.141000007181,0.670999983245,1,1],"ix":4,"x":"var $bm_rt;\n$bm_rt = thisComp.layer('Color Controls').effect('Processor Color 02')('ADBE Color Control-0001');"},"o":{"a":0,"k":100,"ix":5},"r":1,"bm":0,"nm":"Fill 1","mn":"ADBE Vector Graphic - Fill","hd":false},{"ty":"tr","p":{"a":0,"k":[1921,1045.888],"ix":2},"a":{"a":0,"k":[0,0],"ix":1},"s":{"a":0,"k":[100,100],"ix":3},"r":{"a":0,"k":0,"ix":6},"o":{"a":0,"k":100,"ix":7},"sk":{"a":0,"k":0,"ix":4},"sa":{"a":0,"k":0,"ix":5},"nm":"Transform"}],"nm":"Group 7","np":3,"cix":2,"bm":0,"ix":5,"mn":"ADBE Vector Group","hd":false},{"ty":"tr","p":{"a":0,"k":[1921,1045.888],"ix":2},"a":{"a":0,"k":[1921,1045.888],"ix":1},"s":{"a":0,"k":[100,100],"ix":3},"r":{"a":0,"k":0,"ix":6},"o":{"a":0,"k":100,"ix":7},"sk":{"a":0,"k":0,"ix":4},"sa":{"a":0,"k":0,"ix":5},"nm":"Transform"}],"nm":"X","np":5,"cix":2,"bm":0,"ix":1,"mn":"ADBE Vector Group","hd":false},{"ty":"gr","it":[{"ty":"gr","it":[{"ind":0,"ty":"sh","ix":1,"ks":{"a":0,"k":{"i":[[0,14.359],[-14.359,0],[0,-14.359],[14.359,0]],"o":[[0,-14.359],[14.359,0],[0,14.359],[-14.359,0]],"v":[[-26,0],[0,-26],[26,0],[0,26]],"c":true},"ix":2},"nm":"Path 1","mn":"ADBE Vector Shape - Group","hd":false},{"ty":"st","c":{"a":0,"k":[0,0.611999990426,1,1],"ix":3,"x":"var $bm_rt;\n$bm_rt = thisComp.layer('Color Controls').effect('Processor Line Color')('ADBE Color Control-0001');"},"o":{"a":0,"k":100,"ix":4},"w":{"a":0,"k":10,"ix":5},"lc":2,"lj":2,"bm":0,"nm":"Stroke 1","mn":"ADBE Vector Graphic - Stroke","hd":false},{"ty":"fl","c":{"a":0,"k":[0.875,0.898000021542,0.898000021542,1],"ix":4,"x":"var $bm_rt;\n$bm_rt = thisComp.layer('Color Controls').effect('Processor Color 04')('ADBE Color Control-0001');"},"o":{"a":0,"k":100,"ix":5},"r":1,"bm":0,"nm":"Fill 1","mn":"ADBE Vector Graphic - Fill","hd":false},{"ty":"tr","p":{"a":1,"k":[{"i":{"x":0.009,"y":0.929},"o":{"x":0.381,"y":0},"t":20,"s":[1651,1042.888],"to":[0,0],"ti":[0,0]},{"i":{"x":0.833,"y":0.833},"o":{"x":0.167,"y":0.167},"t":42.847,"s":[1308,1042.888],"to":[0,0],"ti":[0,0]},{"i":{"x":0.619,"y":1},"o":{"x":0.991,"y":0.071},"t":148.153,"s":[1308,1042.888],"to":[0,0],"ti":[0,0]},{"t":171,"s":[1651,1042.888]}],"ix":2},"a":{"a":0,"k":[0,0],"ix":1},"s":{"a":1,"k":[{"i":{"x":[0.667,0.667],"y":[1,1]},"o":{"x":[0.333,0.333],"y":[0,0]},"t":20,"s":[0,0]},{"i":{"x":[0.833,0.833],"y":[1,1]},"o":{"x":[0.167,0.167],"y":[0,0]},"t":24.153,"s":[100,100]},{"i":{"x":[0.667,0.667],"y":[1,1]},"o":{"x":[0.333,0.333],"y":[0,0]},"t":166.847,"s":[100,100]},{"t":171,"s":[0,0]}],"ix":3},"r":{"a":0,"k":0,"ix":6},"o":{"a":0,"k":100,"ix":7},"sk":{"a":0,"k":0,"ix":4},"sa":{"a":0,"k":0,"ix":5},"nm":"Transform"}],"nm":"o","np":3,"cix":2,"bm":0,"ix":1,"mn":"ADBE Vector Group","hd":false},{"ty":"gr","it":[{"ind":0,"ty":"sh","ix":1,"ks":{"a":0,"k":{"i":[[0,0],[0,0]],"o":[[0,0],[0,0]],"v":[[1675,1043.888],[1335,1043.888]],"c":false},"ix":2},"nm":"Path 1","mn":"ADBE Vector Shape - Group","hd":false},{"ty":"st","c":{"a":0,"k":[0,0.611999990426,1,1],"ix":3,"x":"var $bm_rt;\n$bm_rt = thisComp.layer('Color Controls').effect('Processor Line Color')('ADBE Color Control-0001');"},"o":{"a":0,"k":100,"ix":4},"w":{"a":0,"k":10,"ix":5},"lc":2,"lj":2,"bm":0,"nm":"Stroke 1","mn":"ADBE Vector Graphic - Stroke","hd":false},{"ty":"tm","s":{"a":0,"k":0,"ix":1},"e":{"a":1,"k":[{"i":{"x":[0.098],"y":[1]},"o":{"x":[0.333],"y":[0]},"t":20,"s":[0]},{"i":{"x":[0.833],"y":[1]},"o":{"x":[0.167],"y":[0]},"t":42.847,"s":[100]},{"i":{"x":[0.667],"y":[1]},"o":{"x":[0.902],"y":[0]},"t":148.153,"s":[100]},{"t":171,"s":[0]}],"ix":2},"o":{"a":0,"k":0,"ix":3},"m":1,"ix":3,"nm":"Trim Paths 1","mn":"ADBE Vector Filter - Trim","hd":false},{"ty":"tr","p":{"a":0,"k":[0,0],"ix":2},"a":{"a":0,"k":[0,0],"ix":1},"s":{"a":0,"k":[100,100],"ix":3},"r":{"a":0,"k":0,"ix":6},"o":{"a":0,"k":100,"ix":7},"sk":{"a":0,"k":0,"ix":4},"sa":{"a":0,"k":0,"ix":5},"nm":"Transform"}],"nm":"-","np":3,"cix":2,"bm":0,"ix":2,"mn":"ADBE Vector Group","hd":false},{"ty":"gr","it":[{"ty":"gr","it":[{"ind":0,"ty":"sh","ix":1,"ks":{"a":0,"k":{"i":[[0,-14.359],[-14.359,0],[0,14.359],[14.359,0]],"o":[[0,14.359],[14.359,0],[0,-14.359],[-14.359,0]],"v":[[-26,0],[0,26],[26,0],[0,-26]],"c":true},"ix":2},"nm":"Path 1","mn":"ADBE Vector Shape - Group","hd":false},{"ty":"st","c":{"a":0,"k":[0,0.611999990426,1,1],"ix":3,"x":"var $bm_rt;\n$bm_rt = thisComp.layer('Color Controls').effect('Processor Line Color')('ADBE Color Control-0001');"},"o":{"a":0,"k":100,"ix":4},"w":{"a":0,"k":10,"ix":5},"lc":2,"lj":2,"bm":0,"nm":"Stroke 1","mn":"ADBE Vector Graphic - Stroke","hd":false},{"ty":"fl","c":{"a":0,"k":[0.875,0.898000021542,0.898000021542,1],"ix":4,"x":"var $bm_rt;\n$bm_rt = thisComp.layer('Color Controls').effect('Processor Color 04')('ADBE Color Control-0001');"},"o":{"a":0,"k":100,"ix":5},"r":1,"bm":0,"nm":"Fill 1","mn":"ADBE Vector Graphic - Fill","hd":false},{"ty":"tr","p":{"a":1,"k":[{"i":{"x":0.75,"y":0.442},"o":{"x":0.551,"y":0},"t":20,"s":[1648.5,1200.388],"to":[0,0],"ti":[0,0]},{"i":{"x":0.646,"y":0.698},"o":{"x":0.318,"y":0.288},"t":26.231,"s":[1497.858,1200.14],"to":[0,0],"ti":[0,0]},{"i":{"x":0.59,"y":0.702},"o":{"x":0.274,"y":0.338},"t":27.058,"s":[1454.5,1176.888],"to":[0,0],"ti":[0,0]},{"i":{"x":0.639,"y":0.606},"o":{"x":0.308,"y":0.369},"t":29.347,"s":[1378.63,1120.984],"to":[0,0],"ti":[0,0]},{"i":{"x":0.465,"y":1},"o":{"x":0.177,"y":0.558},"t":30.393,"s":[1352.5,1121.224],"to":[0,0],"ti":[0,0]},{"i":{"x":0.465,"y":0.465},"o":{"x":0.167,"y":0.167},"t":47,"s":[1208.5,1121.224],"to":[0,0],"ti":[0,0]},{"i":{"x":0.823,"y":0.442},"o":{"x":0.535,"y":0},"t":144,"s":[1208.5,1121.224],"to":[0,0],"ti":[0,0]},{"i":{"x":0.692,"y":0.631},"o":{"x":0.361,"y":0.394},"t":160.607,"s":[1352.5,1121.224],"to":[0,0],"ti":[0,0]},{"i":{"x":0.726,"y":0.662},"o":{"x":0.41,"y":0.298},"t":161.653,"s":[1378.63,1120.984],"to":[0,0],"ti":[0,0]},{"i":{"x":0.682,"y":0.712},"o":{"x":0.354,"y":0.302},"t":163.942,"s":[1454.5,1176.888],"to":[0,0],"ti":[0,0]},{"i":{"x":0.449,"y":1},"o":{"x":0.25,"y":0.558},"t":164.769,"s":[1497.858,1200.14],"to":[0,0],"ti":[0,0]},{"t":171,"s":[1648.5,1200.388]}],"ix":2},"a":{"a":0,"k":[0,0],"ix":1},"s":{"a":1,"k":[{"i":{"x":[0.667,0.667],"y":[1,1]},"o":{"x":[0.333,0.333],"y":[0,0]},"t":20,"s":[0,0]},{"i":{"x":[0.833,0.833],"y":[1,1]},"o":{"x":[0.167,0.167],"y":[0,0]},"t":24.153,"s":[100,100]},{"i":{"x":[0.667,0.667],"y":[1,1]},"o":{"x":[0.333,0.333],"y":[0,0]},"t":166.847,"s":[100,100]},{"t":171,"s":[0,0]}],"ix":3},"r":{"a":0,"k":0,"ix":6},"o":{"a":0,"k":100,"ix":7},"sk":{"a":0,"k":0,"ix":4},"sa":{"a":0,"k":0,"ix":5},"nm":"Transform"}],"nm":"o","np":3,"cix":2,"bm":0,"ix":1,"mn":"ADBE Vector Group","hd":false},{"ty":"gr","it":[{"ind":0,"ty":"sh","ix":1,"ks":{"a":0,"k":{"i":[[0,14.359],[-14.359,0],[0,-14.359],[14.359,0]],"o":[[0,-14.359],[14.359,0],[0,14.359],[-14.359,0]],"v":[[-26,0],[0,-26],[26,0],[0,26]],"c":true},"ix":2},"nm":"Path 1","mn":"ADBE Vector Shape - Group","hd":false},{"ty":"st","c":{"a":0,"k":[0,0.611999990426,1,1],"ix":3,"x":"var $bm_rt;\n$bm_rt = thisComp.layer('Color Controls').effect('Processor Line Color')('ADBE Color Control-0001');"},"o":{"a":0,"k":100,"ix":4},"w":{"a":0,"k":10,"ix":5},"lc":2,"lj":2,"bm":0,"nm":"Stroke 1","mn":"ADBE Vector Graphic - Stroke","hd":false},{"ty":"fl","c":{"a":0,"k":[0.875,0.898000021542,0.898000021542,1],"ix":4,"x":"var $bm_rt;\n$bm_rt = thisComp.layer('Color Controls').effect('Processor Color 04')('ADBE Color Control-0001');"},"o":{"a":0,"k":100,"ix":5},"r":1,"bm":0,"nm":"Fill 1","mn":"ADBE Vector Graphic - Fill","hd":false},{"ty":"tr","p":{"a":1,"k":[{"i":{"x":0.062,"y":1},"o":{"x":0.333,"y":0},"t":20,"s":[1651,1093.888],"to":[0,0],"ti":[0,0]},{"i":{"x":0.833,"y":0.833},"o":{"x":0.167,"y":0.167},"t":38.692,"s":[1471,1093.888],"to":[0,0],"ti":[0,0]},{"i":{"x":0.667,"y":1},"o":{"x":0.938,"y":0},"t":152.308,"s":[1471,1093.888],"to":[0,0],"ti":[0,0]},{"t":171,"s":[1651,1093.888]}],"ix":2},"a":{"a":0,"k":[0,0],"ix":1},"s":{"a":1,"k":[{"i":{"x":[0.667,0.667],"y":[1,1]},"o":{"x":[0.333,0.333],"y":[0,0]},"t":20,"s":[0,0]},{"i":{"x":[0.833,0.833],"y":[1,1]},"o":{"x":[0.167,0.167],"y":[0,0]},"t":24.153,"s":[100,100]},{"i":{"x":[0.667,0.667],"y":[1,1]},"o":{"x":[0.333,0.333],"y":[0,0]},"t":166.847,"s":[100,100]},{"t":171,"s":[0,0]}],"ix":3},"r":{"a":0,"k":0,"ix":6},"o":{"a":0,"k":100,"ix":7},"sk":{"a":0,"k":0,"ix":4},"sa":{"a":0,"k":0,"ix":5},"nm":"Transform"}],"nm":"o 2","np":3,"cix":2,"bm":0,"ix":2,"mn":"ADBE Vector Group","hd":false},{"ty":"gr","it":[{"ind":0,"ty":"sh","ix":1,"ks":{"a":0,"k":{"i":[[0,0],[0,0],[0,0],[0,0]],"o":[[0,0],[0,0],[0,0],[0,0]],"v":[[220,39.582],[24,39.582],[-76,-39.582],[-220,-39.582]],"c":false},"ix":2},"nm":"Path 1","mn":"ADBE Vector Shape - Group","hd":false},{"ty":"st","c":{"a":0,"k":[0,0.611999990426,1,1],"ix":3,"x":"var $bm_rt;\n$bm_rt = thisComp.layer('Color Controls').effect('Processor Line Color')('ADBE Color Control-0001');"},"o":{"a":0,"k":100,"ix":4},"w":{"a":0,"k":10,"ix":5},"lc":2,"lj":2,"bm":0,"nm":"Stroke 1","mn":"ADBE Vector Graphic - Stroke","hd":false},{"ty":"tm","s":{"a":0,"k":0,"ix":1},"e":{"a":1,"k":[{"i":{"x":[0.098],"y":[1]},"o":{"x":[0.333],"y":[0]},"t":20,"s":[0]},{"i":{"x":[0.098],"y":[1]},"o":{"x":[0.167],"y":[0]},"t":47,"s":[100]},{"i":{"x":[0.667],"y":[1]},"o":{"x":[0.902],"y":[0]},"t":144,"s":[100]},{"t":171,"s":[0]}],"ix":2},"o":{"a":0,"k":0,"ix":3},"m":1,"ix":3,"nm":"Trim Paths 1","mn":"ADBE Vector Filter - Trim","hd":false},{"ty":"tr","p":{"a":0,"k":[1458,1161.306],"ix":2},"a":{"a":0,"k":[0,0],"ix":1},"s":{"a":0,"k":[100,100],"ix":3},"r":{"a":0,"k":0,"ix":6},"o":{"a":0,"k":100,"ix":7},"sk":{"a":0,"k":0,"ix":4},"sa":{"a":0,"k":0,"ix":5},"nm":"Transform"}],"nm":"-","np":3,"cix":2,"bm":0,"ix":3,"mn":"ADBE Vector Group","hd":false},{"ty":"gr","it":[{"ind":0,"ty":"sh","ix":1,"ks":{"a":0,"k":{"i":[[0,0],[0,0]],"o":[[0,0],[0,0]],"v":[[1675,1093.888],[1498,1093.888]],"c":false},"ix":2},"nm":"Path 1","mn":"ADBE Vector Shape - Group","hd":false},{"ty":"st","c":{"a":0,"k":[0,0.611999990426,1,1],"ix":3,"x":"var $bm_rt;\n$bm_rt = thisComp.layer('Color Controls').effect('Processor Line Color')('ADBE Color Control-0001');"},"o":{"a":0,"k":100,"ix":4},"w":{"a":0,"k":10,"ix":5},"lc":2,"lj":2,"bm":0,"nm":"Stroke 1","mn":"ADBE Vector Graphic - Stroke","hd":false},{"ty":"tm","s":{"a":0,"k":0,"ix":1},"e":{"a":1,"k":[{"i":{"x":[0.098],"y":[1]},"o":{"x":[0.333],"y":[0]},"t":20,"s":[0]},{"i":{"x":[0.833],"y":[1]},"o":{"x":[0.167],"y":[0]},"t":38.692,"s":[100]},{"i":{"x":[0.667],"y":[1]},"o":{"x":[0.902],"y":[0]},"t":152.308,"s":[100]},{"t":171,"s":[0]}],"ix":2},"o":{"a":0,"k":0,"ix":3},"m":1,"ix":3,"nm":"Trim Paths 1","mn":"ADBE Vector Filter - Trim","hd":false},{"ty":"tr","p":{"a":0,"k":[0,0],"ix":2},"a":{"a":0,"k":[0,0],"ix":1},"s":{"a":0,"k":[100,100],"ix":3},"r":{"a":0,"k":0,"ix":6},"o":{"a":0,"k":100,"ix":7},"sk":{"a":0,"k":0,"ix":4},"sa":{"a":0,"k":0,"ix":5},"nm":"Transform"}],"nm":"- 2","np":3,"cix":2,"bm":0,"ix":4,"mn":"ADBE Vector Group","hd":false},{"ty":"tr","p":{"a":0,"k":[1430.399,950.388],"ix":2},"a":{"a":0,"k":[1430.399,1134.388],"ix":1},"s":{"a":0,"k":[100,-100],"ix":3},"r":{"a":0,"k":0,"ix":6},"o":{"a":0,"k":100,"ix":7},"sk":{"a":0,"k":0,"ix":4},"sa":{"a":0,"k":0,"ix":5},"nm":"Transform"}],"nm":"o-- 2","np":4,"cix":2,"bm":0,"ix":3,"mn":"ADBE Vector Group","hd":false},{"ty":"gr","it":[{"ty":"gr","it":[{"ind":0,"ty":"sh","ix":1,"ks":{"a":0,"k":{"i":[[0,-14.359],[-14.359,0],[0,14.359],[14.359,0]],"o":[[0,14.359],[14.359,0],[0,-14.359],[-14.359,0]],"v":[[-26,0],[0,26],[26,0],[0,-26]],"c":true},"ix":2},"nm":"Path 1","mn":"ADBE Vector Shape - Group","hd":false},{"ty":"st","c":{"a":0,"k":[0,0.611999990426,1,1],"ix":3,"x":"var $bm_rt;\n$bm_rt = thisComp.layer('Color Controls').effect('Processor Line Color')('ADBE Color Control-0001');"},"o":{"a":0,"k":100,"ix":4},"w":{"a":0,"k":10,"ix":5},"lc":2,"lj":2,"bm":0,"nm":"Stroke 1","mn":"ADBE Vector Graphic - Stroke","hd":false},{"ty":"fl","c":{"a":0,"k":[0.875,0.898000021542,0.898000021542,1],"ix":4,"x":"var $bm_rt;\n$bm_rt = thisComp.layer('Color Controls').effect('Processor Color 04')('ADBE Color Control-0001');"},"o":{"a":0,"k":100,"ix":5},"r":1,"bm":0,"nm":"Fill 1","mn":"ADBE Vector Graphic - Fill","hd":false},{"ty":"tr","p":{"a":1,"k":[{"i":{"x":0.75,"y":0.442},"o":{"x":0.551,"y":0},"t":20,"s":[1648.5,1200.388],"to":[0,0],"ti":[0,0]},{"i":{"x":0.646,"y":0.698},"o":{"x":0.318,"y":0.288},"t":26.231,"s":[1497.858,1200.14],"to":[0,0],"ti":[0,0]},{"i":{"x":0.59,"y":0.702},"o":{"x":0.274,"y":0.338},"t":27.058,"s":[1454.5,1176.888],"to":[0,0],"ti":[0,0]},{"i":{"x":0.639,"y":0.606},"o":{"x":0.308,"y":0.369},"t":29.347,"s":[1378.63,1120.984],"to":[0,0],"ti":[0,0]},{"i":{"x":0.465,"y":1},"o":{"x":0.177,"y":0.558},"t":30.393,"s":[1352.5,1121.224],"to":[0,0],"ti":[0,0]},{"i":{"x":0.465,"y":0.465},"o":{"x":0.167,"y":0.167},"t":47,"s":[1208.5,1121.224],"to":[0,0],"ti":[0,0]},{"i":{"x":0.823,"y":0.442},"o":{"x":0.535,"y":0},"t":144,"s":[1208.5,1121.224],"to":[0,0],"ti":[0,0]},{"i":{"x":0.692,"y":0.631},"o":{"x":0.361,"y":0.394},"t":160.607,"s":[1352.5,1121.224],"to":[0,0],"ti":[0,0]},{"i":{"x":0.726,"y":0.662},"o":{"x":0.41,"y":0.298},"t":161.653,"s":[1378.63,1120.984],"to":[0,0],"ti":[0,0]},{"i":{"x":0.682,"y":0.712},"o":{"x":0.354,"y":0.302},"t":163.942,"s":[1454.5,1176.888],"to":[0,0],"ti":[0,0]},{"i":{"x":0.449,"y":1},"o":{"x":0.25,"y":0.558},"t":164.769,"s":[1497.858,1200.14],"to":[0,0],"ti":[0,0]},{"t":171,"s":[1648.5,1200.388]}],"ix":2},"a":{"a":0,"k":[0,0],"ix":1},"s":{"a":1,"k":[{"i":{"x":[0.667,0.667],"y":[1,1]},"o":{"x":[0.333,0.333],"y":[0,0]},"t":20,"s":[0,0]},{"i":{"x":[0.833,0.833],"y":[1,1]},"o":{"x":[0.167,0.167],"y":[0,0]},"t":24.153,"s":[100,100]},{"i":{"x":[0.667,0.667],"y":[1,1]},"o":{"x":[0.333,0.333],"y":[0,0]},"t":166.847,"s":[100,100]},{"t":171,"s":[0,0]}],"ix":3},"r":{"a":0,"k":0,"ix":6},"o":{"a":0,"k":100,"ix":7},"sk":{"a":0,"k":0,"ix":4},"sa":{"a":0,"k":0,"ix":5},"nm":"Transform"}],"nm":"o","np":3,"cix":2,"bm":0,"ix":1,"mn":"ADBE Vector Group","hd":false},{"ty":"gr","it":[{"ind":0,"ty":"sh","ix":1,"ks":{"a":0,"k":{"i":[[0,14.359],[-14.359,0],[0,-14.359],[14.359,0]],"o":[[0,-14.359],[14.359,0],[0,14.359],[-14.359,0]],"v":[[-26,0],[0,-26],[26,0],[0,26]],"c":true},"ix":2},"nm":"Path 1","mn":"ADBE Vector Shape - Group","hd":false},{"ty":"st","c":{"a":0,"k":[0,0.611999990426,1,1],"ix":3,"x":"var $bm_rt;\n$bm_rt = thisComp.layer('Color Controls').effect('Processor Line Color')('ADBE Color Control-0001');"},"o":{"a":0,"k":100,"ix":4},"w":{"a":0,"k":10,"ix":5},"lc":2,"lj":2,"bm":0,"nm":"Stroke 1","mn":"ADBE Vector Graphic - Stroke","hd":false},{"ty":"fl","c":{"a":0,"k":[0.875,0.898000021542,0.898000021542,1],"ix":4,"x":"var $bm_rt;\n$bm_rt = thisComp.layer('Color Controls').effect('Processor Color 04')('ADBE Color Control-0001');"},"o":{"a":0,"k":100,"ix":5},"r":1,"bm":0,"nm":"Fill 1","mn":"ADBE Vector Graphic - Fill","hd":false},{"ty":"tr","p":{"a":1,"k":[{"i":{"x":0.062,"y":1},"o":{"x":0.333,"y":0},"t":20,"s":[1651,1093.888],"to":[0,0],"ti":[0,0]},{"i":{"x":0.833,"y":0.833},"o":{"x":0.167,"y":0.167},"t":38.692,"s":[1471,1093.888],"to":[0,0],"ti":[0,0]},{"i":{"x":0.667,"y":1},"o":{"x":0.938,"y":0},"t":152.308,"s":[1471,1093.888],"to":[0,0],"ti":[0,0]},{"t":171,"s":[1651,1093.888]}],"ix":2},"a":{"a":0,"k":[0,0],"ix":1},"s":{"a":1,"k":[{"i":{"x":[0.667,0.667],"y":[1,1]},"o":{"x":[0.333,0.333],"y":[0,0]},"t":20,"s":[0,0]},{"i":{"x":[0.833,0.833],"y":[1,1]},"o":{"x":[0.167,0.167],"y":[0,0]},"t":24.153,"s":[100,100]},{"i":{"x":[0.667,0.667],"y":[1,1]},"o":{"x":[0.333,0.333],"y":[0,0]},"t":166.847,"s":[100,100]},{"t":171,"s":[0,0]}],"ix":3},"r":{"a":0,"k":0,"ix":6},"o":{"a":0,"k":100,"ix":7},"sk":{"a":0,"k":0,"ix":4},"sa":{"a":0,"k":0,"ix":5},"nm":"Transform"}],"nm":"o 2","np":3,"cix":2,"bm":0,"ix":2,"mn":"ADBE Vector Group","hd":false},{"ty":"gr","it":[{"ind":0,"ty":"sh","ix":1,"ks":{"a":0,"k":{"i":[[0,0],[0,0],[0,0],[0,0]],"o":[[0,0],[0,0],[0,0],[0,0]],"v":[[220,39.582],[24,39.582],[-76,-39.582],[-220,-39.582]],"c":false},"ix":2},"nm":"Path 1","mn":"ADBE Vector Shape - Group","hd":false},{"ty":"st","c":{"a":0,"k":[0,0.611999990426,1,1],"ix":3,"x":"var $bm_rt;\n$bm_rt = thisComp.layer('Color Controls').effect('Processor Line Color')('ADBE Color Control-0001');"},"o":{"a":0,"k":100,"ix":4},"w":{"a":0,"k":10,"ix":5},"lc":2,"lj":2,"bm":0,"nm":"Stroke 1","mn":"ADBE Vector Graphic - Stroke","hd":false},{"ty":"tm","s":{"a":0,"k":0,"ix":1},"e":{"a":1,"k":[{"i":{"x":[0.098],"y":[1]},"o":{"x":[0.333],"y":[0]},"t":20,"s":[0]},{"i":{"x":[0.098],"y":[1]},"o":{"x":[0.167],"y":[0]},"t":47,"s":[100]},{"i":{"x":[0.667],"y":[1]},"o":{"x":[0.902],"y":[0]},"t":144,"s":[100]},{"t":171,"s":[0]}],"ix":2},"o":{"a":0,"k":0,"ix":3},"m":1,"ix":3,"nm":"Trim Paths 1","mn":"ADBE Vector Filter - Trim","hd":false},{"ty":"tr","p":{"a":0,"k":[1458,1161.306],"ix":2},"a":{"a":0,"k":[0,0],"ix":1},"s":{"a":0,"k":[100,100],"ix":3},"r":{"a":0,"k":0,"ix":6},"o":{"a":0,"k":100,"ix":7},"sk":{"a":0,"k":0,"ix":4},"sa":{"a":0,"k":0,"ix":5},"nm":"Transform"}],"nm":"-","np":3,"cix":2,"bm":0,"ix":3,"mn":"ADBE Vector Group","hd":false},{"ty":"gr","it":[{"ind":0,"ty":"sh","ix":1,"ks":{"a":0,"k":{"i":[[0,0],[0,0]],"o":[[0,0],[0,0]],"v":[[1675,1093.888],[1498,1093.888]],"c":false},"ix":2},"nm":"Path 1","mn":"ADBE Vector Shape - Group","hd":false},{"ty":"st","c":{"a":0,"k":[0,0.611999990426,1,1],"ix":3,"x":"var $bm_rt;\n$bm_rt = thisComp.layer('Color Controls').effect('Processor Line Color')('ADBE Color Control-0001');"},"o":{"a":0,"k":100,"ix":4},"w":{"a":0,"k":10,"ix":5},"lc":2,"lj":2,"bm":0,"nm":"Stroke 1","mn":"ADBE Vector Graphic - Stroke","hd":false},{"ty":"tm","s":{"a":0,"k":0,"ix":1},"e":{"a":1,"k":[{"i":{"x":[0.098],"y":[1]},"o":{"x":[0.333],"y":[0]},"t":20,"s":[0]},{"i":{"x":[0.833],"y":[1]},"o":{"x":[0.167],"y":[0]},"t":38.692,"s":[100]},{"i":{"x":[0.667],"y":[1]},"o":{"x":[0.902],"y":[0]},"t":152.308,"s":[100]},{"t":171,"s":[0]}],"ix":2},"o":{"a":0,"k":0,"ix":3},"m":1,"ix":3,"nm":"Trim Paths 1","mn":"ADBE Vector Filter - Trim","hd":false},{"ty":"tr","p":{"a":0,"k":[0,0],"ix":2},"a":{"a":0,"k":[0,0],"ix":1},"s":{"a":0,"k":[100,100],"ix":3},"r":{"a":0,"k":0,"ix":6},"o":{"a":0,"k":100,"ix":7},"sk":{"a":0,"k":0,"ix":4},"sa":{"a":0,"k":0,"ix":5},"nm":"Transform"}],"nm":"- 2","np":3,"cix":2,"bm":0,"ix":4,"mn":"ADBE Vector Group","hd":false},{"ty":"tr","p":{"a":0,"k":[1430.399,1134.388],"ix":2},"a":{"a":0,"k":[1430.399,1134.388],"ix":1},"s":{"a":0,"k":[100,100],"ix":3},"r":{"a":0,"k":0,"ix":6},"o":{"a":0,"k":100,"ix":7},"sk":{"a":0,"k":0,"ix":4},"sa":{"a":0,"k":0,"ix":5},"nm":"Transform"}],"nm":"o--","np":4,"cix":2,"bm":0,"ix":4,"mn":"ADBE Vector Group","hd":false},{"ty":"tr","p":{"a":0,"k":[2409.399,1046.388],"ix":2},"a":{"a":0,"k":[1430.399,1042.388],"ix":1},"s":{"a":0,"k":[100,100],"ix":3},"r":{"a":0,"k":-180,"ix":6},"o":{"a":0,"k":100,"ix":7},"sk":{"a":0,"k":0,"ix":4},"sa":{"a":0,"k":0,"ix":5},"nm":"Transform"}],"nm":"iii 3","np":4,"cix":2,"bm":0,"ix":2,"mn":"ADBE Vector Group","hd":false},{"ty":"gr","it":[{"ty":"gr","it":[{"ind":0,"ty":"sh","ix":1,"ks":{"a":0,"k":{"i":[[0,14.359],[-14.359,0],[0,-14.359],[14.359,0]],"o":[[0,-14.359],[14.359,0],[0,14.359],[-14.359,0]],"v":[[-26,0],[0,-26],[26,0],[0,26]],"c":true},"ix":2},"nm":"Path 1","mn":"ADBE Vector Shape - Group","hd":false},{"ty":"st","c":{"a":0,"k":[0,0.611999990426,1,1],"ix":3,"x":"var $bm_rt;\n$bm_rt = thisComp.layer('Color Controls').effect('Processor Line Color')('ADBE Color Control-0001');"},"o":{"a":0,"k":100,"ix":4},"w":{"a":0,"k":10,"ix":5},"lc":2,"lj":2,"bm":0,"nm":"Stroke 1","mn":"ADBE Vector Graphic - Stroke","hd":false},{"ty":"fl","c":{"a":0,"k":[0.875,0.898000021542,0.898000021542,1],"ix":4,"x":"var $bm_rt;\n$bm_rt = thisComp.layer('Color Controls').effect('Processor Color 04')('ADBE Color Control-0001');"},"o":{"a":0,"k":100,"ix":5},"r":1,"bm":0,"nm":"Fill 1","mn":"ADBE Vector Graphic - Fill","hd":false},{"ty":"tr","p":{"a":1,"k":[{"i":{"x":0.009,"y":0.929},"o":{"x":0.381,"y":0},"t":20,"s":[1651,1042.888],"to":[0,0],"ti":[0,0]},{"i":{"x":0.833,"y":0.833},"o":{"x":0.167,"y":0.167},"t":42.847,"s":[1308,1042.888],"to":[0,0],"ti":[0,0]},{"i":{"x":0.619,"y":1},"o":{"x":0.991,"y":0.071},"t":148.153,"s":[1308,1042.888],"to":[0,0],"ti":[0,0]},{"t":171,"s":[1651,1042.888]}],"ix":2},"a":{"a":0,"k":[0,0],"ix":1},"s":{"a":1,"k":[{"i":{"x":[0.667,0.667],"y":[1,1]},"o":{"x":[0.333,0.333],"y":[0,0]},"t":20,"s":[0,0]},{"i":{"x":[0.833,0.833],"y":[1,1]},"o":{"x":[0.167,0.167],"y":[0,0]},"t":24.153,"s":[100,100]},{"i":{"x":[0.667,0.667],"y":[1,1]},"o":{"x":[0.333,0.333],"y":[0,0]},"t":166.847,"s":[100,100]},{"t":171,"s":[0,0]}],"ix":3},"r":{"a":0,"k":0,"ix":6},"o":{"a":0,"k":100,"ix":7},"sk":{"a":0,"k":0,"ix":4},"sa":{"a":0,"k":0,"ix":5},"nm":"Transform"}],"nm":"o","np":3,"cix":2,"bm":0,"ix":1,"mn":"ADBE Vector Group","hd":false},{"ty":"gr","it":[{"ind":0,"ty":"sh","ix":1,"ks":{"a":0,"k":{"i":[[0,0],[0,0]],"o":[[0,0],[0,0]],"v":[[1675,1043.888],[1335,1043.888]],"c":false},"ix":2},"nm":"Path 1","mn":"ADBE Vector Shape - Group","hd":false},{"ty":"st","c":{"a":0,"k":[0,0.611999990426,1,1],"ix":3,"x":"var $bm_rt;\n$bm_rt = thisComp.layer('Color Controls').effect('Processor Line Color')('ADBE Color Control-0001');"},"o":{"a":0,"k":100,"ix":4},"w":{"a":0,"k":10,"ix":5},"lc":2,"lj":2,"bm":0,"nm":"Stroke 1","mn":"ADBE Vector Graphic - Stroke","hd":false},{"ty":"tm","s":{"a":0,"k":0,"ix":1},"e":{"a":1,"k":[{"i":{"x":[0.098],"y":[1]},"o":{"x":[0.333],"y":[0]},"t":20,"s":[0]},{"i":{"x":[0.833],"y":[1]},"o":{"x":[0.167],"y":[0]},"t":42.847,"s":[100]},{"i":{"x":[0.667],"y":[1]},"o":{"x":[0.902],"y":[0]},"t":148.153,"s":[100]},{"t":171,"s":[0]}],"ix":2},"o":{"a":0,"k":0,"ix":3},"m":1,"ix":3,"nm":"Trim Paths 1","mn":"ADBE Vector Filter - Trim","hd":false},{"ty":"tr","p":{"a":0,"k":[0,0],"ix":2},"a":{"a":0,"k":[0,0],"ix":1},"s":{"a":0,"k":[100,100],"ix":3},"r":{"a":0,"k":0,"ix":6},"o":{"a":0,"k":100,"ix":7},"sk":{"a":0,"k":0,"ix":4},"sa":{"a":0,"k":0,"ix":5},"nm":"Transform"}],"nm":"-","np":3,"cix":2,"bm":0,"ix":2,"mn":"ADBE Vector Group","hd":false},{"ty":"gr","it":[{"ty":"gr","it":[{"ind":0,"ty":"sh","ix":1,"ks":{"a":0,"k":{"i":[[0,-14.359],[-14.359,0],[0,14.359],[14.359,0]],"o":[[0,14.359],[14.359,0],[0,-14.359],[-14.359,0]],"v":[[-26,0],[0,26],[26,0],[0,-26]],"c":true},"ix":2},"nm":"Path 1","mn":"ADBE Vector Shape - Group","hd":false},{"ty":"st","c":{"a":0,"k":[0,0.611999990426,1,1],"ix":3,"x":"var $bm_rt;\n$bm_rt = thisComp.layer('Color Controls').effect('Processor Line Color')('ADBE Color Control-0001');"},"o":{"a":0,"k":100,"ix":4},"w":{"a":0,"k":10,"ix":5},"lc":2,"lj":2,"bm":0,"nm":"Stroke 1","mn":"ADBE Vector Graphic - Stroke","hd":false},{"ty":"fl","c":{"a":0,"k":[0.875,0.898000021542,0.898000021542,1],"ix":4,"x":"var $bm_rt;\n$bm_rt = thisComp.layer('Color Controls').effect('Processor Color 04')('ADBE Color Control-0001');"},"o":{"a":0,"k":100,"ix":5},"r":1,"bm":0,"nm":"Fill 1","mn":"ADBE Vector Graphic - Fill","hd":false},{"ty":"tr","p":{"a":1,"k":[{"i":{"x":0.75,"y":0.442},"o":{"x":0.551,"y":0},"t":20,"s":[1648.5,1200.388],"to":[0,0],"ti":[0,0]},{"i":{"x":0.646,"y":0.698},"o":{"x":0.318,"y":0.288},"t":26.231,"s":[1497.858,1200.14],"to":[0,0],"ti":[0,0]},{"i":{"x":0.59,"y":0.702},"o":{"x":0.274,"y":0.338},"t":27.058,"s":[1454.5,1176.888],"to":[0,0],"ti":[0,0]},{"i":{"x":0.639,"y":0.606},"o":{"x":0.308,"y":0.369},"t":29.347,"s":[1378.63,1120.984],"to":[0,0],"ti":[0,0]},{"i":{"x":0.465,"y":1},"o":{"x":0.177,"y":0.558},"t":30.393,"s":[1352.5,1121.224],"to":[0,0],"ti":[0,0]},{"i":{"x":0.465,"y":0.465},"o":{"x":0.167,"y":0.167},"t":47,"s":[1208.5,1121.224],"to":[0,0],"ti":[0,0]},{"i":{"x":0.823,"y":0.442},"o":{"x":0.535,"y":0},"t":144,"s":[1208.5,1121.224],"to":[0,0],"ti":[0,0]},{"i":{"x":0.692,"y":0.631},"o":{"x":0.361,"y":0.394},"t":160.607,"s":[1352.5,1121.224],"to":[0,0],"ti":[0,0]},{"i":{"x":0.726,"y":0.662},"o":{"x":0.41,"y":0.298},"t":161.653,"s":[1378.63,1120.984],"to":[0,0],"ti":[0,0]},{"i":{"x":0.682,"y":0.712},"o":{"x":0.354,"y":0.302},"t":163.942,"s":[1454.5,1176.888],"to":[0,0],"ti":[0,0]},{"i":{"x":0.449,"y":1},"o":{"x":0.25,"y":0.558},"t":164.769,"s":[1497.858,1200.14],"to":[0,0],"ti":[0,0]},{"t":171,"s":[1648.5,1200.388]}],"ix":2},"a":{"a":0,"k":[0,0],"ix":1},"s":{"a":1,"k":[{"i":{"x":[0.667,0.667],"y":[1,1]},"o":{"x":[0.333,0.333],"y":[0,0]},"t":20,"s":[0,0]},{"i":{"x":[0.833,0.833],"y":[1,1]},"o":{"x":[0.167,0.167],"y":[0,0]},"t":24.153,"s":[100,100]},{"i":{"x":[0.667,0.667],"y":[1,1]},"o":{"x":[0.333,0.333],"y":[0,0]},"t":166.847,"s":[100,100]},{"t":171,"s":[0,0]}],"ix":3},"r":{"a":0,"k":0,"ix":6},"o":{"a":0,"k":100,"ix":7},"sk":{"a":0,"k":0,"ix":4},"sa":{"a":0,"k":0,"ix":5},"nm":"Transform"}],"nm":"o","np":3,"cix":2,"bm":0,"ix":1,"mn":"ADBE Vector Group","hd":false},{"ty":"gr","it":[{"ind":0,"ty":"sh","ix":1,"ks":{"a":0,"k":{"i":[[0,14.359],[-14.359,0],[0,-14.359],[14.359,0]],"o":[[0,-14.359],[14.359,0],[0,14.359],[-14.359,0]],"v":[[-26,0],[0,-26],[26,0],[0,26]],"c":true},"ix":2},"nm":"Path 1","mn":"ADBE Vector Shape - Group","hd":false},{"ty":"st","c":{"a":0,"k":[0,0.611999990426,1,1],"ix":3,"x":"var $bm_rt;\n$bm_rt = thisComp.layer('Color Controls').effect('Processor Line Color')('ADBE Color Control-0001');"},"o":{"a":0,"k":100,"ix":4},"w":{"a":0,"k":10,"ix":5},"lc":2,"lj":2,"bm":0,"nm":"Stroke 1","mn":"ADBE Vector Graphic - Stroke","hd":false},{"ty":"fl","c":{"a":0,"k":[0.875,0.898000021542,0.898000021542,1],"ix":4,"x":"var $bm_rt;\n$bm_rt = thisComp.layer('Color Controls').effect('Processor Color 04')('ADBE Color Control-0001');"},"o":{"a":0,"k":100,"ix":5},"r":1,"bm":0,"nm":"Fill 1","mn":"ADBE Vector Graphic - Fill","hd":false},{"ty":"tr","p":{"a":1,"k":[{"i":{"x":0.062,"y":1},"o":{"x":0.333,"y":0},"t":20,"s":[1651,1093.888],"to":[0,0],"ti":[0,0]},{"i":{"x":0.833,"y":0.833},"o":{"x":0.167,"y":0.167},"t":38.692,"s":[1471,1093.888],"to":[0,0],"ti":[0,0]},{"i":{"x":0.667,"y":1},"o":{"x":0.938,"y":0},"t":152.308,"s":[1471,1093.888],"to":[0,0],"ti":[0,0]},{"t":171,"s":[1651,1093.888]}],"ix":2},"a":{"a":0,"k":[0,0],"ix":1},"s":{"a":1,"k":[{"i":{"x":[0.667,0.667],"y":[1,1]},"o":{"x":[0.333,0.333],"y":[0,0]},"t":20,"s":[0,0]},{"i":{"x":[0.833,0.833],"y":[1,1]},"o":{"x":[0.167,0.167],"y":[0,0]},"t":24.153,"s":[100,100]},{"i":{"x":[0.667,0.667],"y":[1,1]},"o":{"x":[0.333,0.333],"y":[0,0]},"t":166.847,"s":[100,100]},{"t":171,"s":[0,0]}],"ix":3},"r":{"a":0,"k":0,"ix":6},"o":{"a":0,"k":100,"ix":7},"sk":{"a":0,"k":0,"ix":4},"sa":{"a":0,"k":0,"ix":5},"nm":"Transform"}],"nm":"o 2","np":3,"cix":2,"bm":0,"ix":2,"mn":"ADBE Vector Group","hd":false},{"ty":"gr","it":[{"ind":0,"ty":"sh","ix":1,"ks":{"a":0,"k":{"i":[[0,0],[0,0],[0,0],[0,0]],"o":[[0,0],[0,0],[0,0],[0,0]],"v":[[220,39.582],[24,39.582],[-76,-39.582],[-220,-39.582]],"c":false},"ix":2},"nm":"Path 1","mn":"ADBE Vector Shape - Group","hd":false},{"ty":"st","c":{"a":0,"k":[0,0.611999990426,1,1],"ix":3,"x":"var $bm_rt;\n$bm_rt = thisComp.layer('Color Controls').effect('Processor Line Color')('ADBE Color Control-0001');"},"o":{"a":0,"k":100,"ix":4},"w":{"a":0,"k":10,"ix":5},"lc":2,"lj":2,"bm":0,"nm":"Stroke 1","mn":"ADBE Vector Graphic - Stroke","hd":false},{"ty":"tm","s":{"a":0,"k":0,"ix":1},"e":{"a":1,"k":[{"i":{"x":[0.098],"y":[1]},"o":{"x":[0.333],"y":[0]},"t":20,"s":[0]},{"i":{"x":[0.098],"y":[1]},"o":{"x":[0.167],"y":[0]},"t":47,"s":[100]},{"i":{"x":[0.667],"y":[1]},"o":{"x":[0.902],"y":[0]},"t":144,"s":[100]},{"t":171,"s":[0]}],"ix":2},"o":{"a":0,"k":0,"ix":3},"m":1,"ix":3,"nm":"Trim Paths 1","mn":"ADBE Vector Filter - Trim","hd":false},{"ty":"tr","p":{"a":0,"k":[1458,1161.306],"ix":2},"a":{"a":0,"k":[0,0],"ix":1},"s":{"a":0,"k":[100,100],"ix":3},"r":{"a":0,"k":0,"ix":6},"o":{"a":0,"k":100,"ix":7},"sk":{"a":0,"k":0,"ix":4},"sa":{"a":0,"k":0,"ix":5},"nm":"Transform"}],"nm":"-","np":3,"cix":2,"bm":0,"ix":3,"mn":"ADBE Vector Group","hd":false},{"ty":"gr","it":[{"ind":0,"ty":"sh","ix":1,"ks":{"a":0,"k":{"i":[[0,0],[0,0]],"o":[[0,0],[0,0]],"v":[[1675,1093.888],[1498,1093.888]],"c":false},"ix":2},"nm":"Path 1","mn":"ADBE Vector Shape - Group","hd":false},{"ty":"st","c":{"a":0,"k":[0,0.611999990426,1,1],"ix":3,"x":"var $bm_rt;\n$bm_rt = thisComp.layer('Color Controls').effect('Processor Line Color')('ADBE Color Control-0001');"},"o":{"a":0,"k":100,"ix":4},"w":{"a":0,"k":10,"ix":5},"lc":2,"lj":2,"bm":0,"nm":"Stroke 1","mn":"ADBE Vector Graphic - Stroke","hd":false},{"ty":"tm","s":{"a":0,"k":0,"ix":1},"e":{"a":1,"k":[{"i":{"x":[0.098],"y":[1]},"o":{"x":[0.333],"y":[0]},"t":20,"s":[0]},{"i":{"x":[0.833],"y":[1]},"o":{"x":[0.167],"y":[0]},"t":38.692,"s":[100]},{"i":{"x":[0.667],"y":[1]},"o":{"x":[0.902],"y":[0]},"t":152.308,"s":[100]},{"t":171,"s":[0]}],"ix":2},"o":{"a":0,"k":0,"ix":3},"m":1,"ix":3,"nm":"Trim Paths 1","mn":"ADBE Vector Filter - Trim","hd":false},{"ty":"tr","p":{"a":0,"k":[0,0],"ix":2},"a":{"a":0,"k":[0,0],"ix":1},"s":{"a":0,"k":[100,100],"ix":3},"r":{"a":0,"k":0,"ix":6},"o":{"a":0,"k":100,"ix":7},"sk":{"a":0,"k":0,"ix":4},"sa":{"a":0,"k":0,"ix":5},"nm":"Transform"}],"nm":"- 2","np":3,"cix":2,"bm":0,"ix":4,"mn":"ADBE Vector Group","hd":false},{"ty":"tr","p":{"a":0,"k":[1430.399,950.388],"ix":2},"a":{"a":0,"k":[1430.399,1134.388],"ix":1},"s":{"a":0,"k":[100,-100],"ix":3},"r":{"a":0,"k":0,"ix":6},"o":{"a":0,"k":100,"ix":7},"sk":{"a":0,"k":0,"ix":4},"sa":{"a":0,"k":0,"ix":5},"nm":"Transform"}],"nm":"o-- 2","np":4,"cix":2,"bm":0,"ix":3,"mn":"ADBE Vector Group","hd":false},{"ty":"gr","it":[{"ty":"gr","it":[{"ind":0,"ty":"sh","ix":1,"ks":{"a":0,"k":{"i":[[0,-14.359],[-14.359,0],[0,14.359],[14.359,0]],"o":[[0,14.359],[14.359,0],[0,-14.359],[-14.359,0]],"v":[[-26,0],[0,26],[26,0],[0,-26]],"c":true},"ix":2},"nm":"Path 1","mn":"ADBE Vector Shape - Group","hd":false},{"ty":"st","c":{"a":0,"k":[0,0.611999990426,1,1],"ix":3,"x":"var $bm_rt;\n$bm_rt = thisComp.layer('Color Controls').effect('Processor Line Color')('ADBE Color Control-0001');"},"o":{"a":0,"k":100,"ix":4},"w":{"a":0,"k":10,"ix":5},"lc":2,"lj":2,"bm":0,"nm":"Stroke 1","mn":"ADBE Vector Graphic - Stroke","hd":false},{"ty":"fl","c":{"a":0,"k":[0.875,0.898000021542,0.898000021542,1],"ix":4,"x":"var $bm_rt;\n$bm_rt = thisComp.layer('Color Controls').effect('Processor Color 04')('ADBE Color Control-0001');"},"o":{"a":0,"k":100,"ix":5},"r":1,"bm":0,"nm":"Fill 1","mn":"ADBE Vector Graphic - Fill","hd":false},{"ty":"tr","p":{"a":1,"k":[{"i":{"x":0.75,"y":0.442},"o":{"x":0.551,"y":0},"t":20,"s":[1648.5,1200.388],"to":[0,0],"ti":[0,0]},{"i":{"x":0.646,"y":0.698},"o":{"x":0.318,"y":0.288},"t":26.231,"s":[1497.858,1200.14],"to":[0,0],"ti":[0,0]},{"i":{"x":0.59,"y":0.702},"o":{"x":0.274,"y":0.338},"t":27.058,"s":[1454.5,1176.888],"to":[0,0],"ti":[0,0]},{"i":{"x":0.639,"y":0.606},"o":{"x":0.308,"y":0.369},"t":29.347,"s":[1378.63,1120.984],"to":[0,0],"ti":[0,0]},{"i":{"x":0.465,"y":1},"o":{"x":0.177,"y":0.558},"t":30.393,"s":[1352.5,1121.224],"to":[0,0],"ti":[0,0]},{"i":{"x":0.465,"y":0.465},"o":{"x":0.167,"y":0.167},"t":47,"s":[1208.5,1121.224],"to":[0,0],"ti":[0,0]},{"i":{"x":0.823,"y":0.442},"o":{"x":0.535,"y":0},"t":144,"s":[1208.5,1121.224],"to":[0,0],"ti":[0,0]},{"i":{"x":0.692,"y":0.631},"o":{"x":0.361,"y":0.394},"t":160.607,"s":[1352.5,1121.224],"to":[0,0],"ti":[0,0]},{"i":{"x":0.726,"y":0.662},"o":{"x":0.41,"y":0.298},"t":161.653,"s":[1378.63,1120.984],"to":[0,0],"ti":[0,0]},{"i":{"x":0.682,"y":0.712},"o":{"x":0.354,"y":0.302},"t":163.942,"s":[1454.5,1176.888],"to":[0,0],"ti":[0,0]},{"i":{"x":0.449,"y":1},"o":{"x":0.25,"y":0.558},"t":164.769,"s":[1497.858,1200.14],"to":[0,0],"ti":[0,0]},{"t":171,"s":[1648.5,1200.388]}],"ix":2},"a":{"a":0,"k":[0,0],"ix":1},"s":{"a":1,"k":[{"i":{"x":[0.667,0.667],"y":[1,1]},"o":{"x":[0.333,0.333],"y":[0,0]},"t":20,"s":[0,0]},{"i":{"x":[0.833,0.833],"y":[1,1]},"o":{"x":[0.167,0.167],"y":[0,0]},"t":24.153,"s":[100,100]},{"i":{"x":[0.667,0.667],"y":[1,1]},"o":{"x":[0.333,0.333],"y":[0,0]},"t":166.847,"s":[100,100]},{"t":171,"s":[0,0]}],"ix":3},"r":{"a":0,"k":0,"ix":6},"o":{"a":0,"k":100,"ix":7},"sk":{"a":0,"k":0,"ix":4},"sa":{"a":0,"k":0,"ix":5},"nm":"Transform"}],"nm":"o","np":3,"cix":2,"bm":0,"ix":1,"mn":"ADBE Vector Group","hd":false},{"ty":"gr","it":[{"ind":0,"ty":"sh","ix":1,"ks":{"a":0,"k":{"i":[[0,14.359],[-14.359,0],[0,-14.359],[14.359,0]],"o":[[0,-14.359],[14.359,0],[0,14.359],[-14.359,0]],"v":[[-26,0],[0,-26],[26,0],[0,26]],"c":true},"ix":2},"nm":"Path 1","mn":"ADBE Vector Shape - Group","hd":false},{"ty":"st","c":{"a":0,"k":[0,0.611999990426,1,1],"ix":3,"x":"var $bm_rt;\n$bm_rt = thisComp.layer('Color Controls').effect('Processor Line Color')('ADBE Color Control-0001');"},"o":{"a":0,"k":100,"ix":4},"w":{"a":0,"k":10,"ix":5},"lc":2,"lj":2,"bm":0,"nm":"Stroke 1","mn":"ADBE Vector Graphic - Stroke","hd":false},{"ty":"fl","c":{"a":0,"k":[0.875,0.898000021542,0.898000021542,1],"ix":4,"x":"var $bm_rt;\n$bm_rt = thisComp.layer('Color Controls').effect('Processor Color 04')('ADBE Color Control-0001');"},"o":{"a":0,"k":100,"ix":5},"r":1,"bm":0,"nm":"Fill 1","mn":"ADBE Vector Graphic - Fill","hd":false},{"ty":"tr","p":{"a":1,"k":[{"i":{"x":0.062,"y":1},"o":{"x":0.333,"y":0},"t":20,"s":[1651,1093.888],"to":[0,0],"ti":[0,0]},{"i":{"x":0.833,"y":0.833},"o":{"x":0.167,"y":0.167},"t":38.692,"s":[1471,1093.888],"to":[0,0],"ti":[0,0]},{"i":{"x":0.667,"y":1},"o":{"x":0.938,"y":0},"t":152.308,"s":[1471,1093.888],"to":[0,0],"ti":[0,0]},{"t":171,"s":[1651,1093.888]}],"ix":2},"a":{"a":0,"k":[0,0],"ix":1},"s":{"a":1,"k":[{"i":{"x":[0.667,0.667],"y":[1,1]},"o":{"x":[0.333,0.333],"y":[0,0]},"t":20,"s":[0,0]},{"i":{"x":[0.833,0.833],"y":[1,1]},"o":{"x":[0.167,0.167],"y":[0,0]},"t":24.153,"s":[100,100]},{"i":{"x":[0.667,0.667],"y":[1,1]},"o":{"x":[0.333,0.333],"y":[0,0]},"t":166.847,"s":[100,100]},{"t":171,"s":[0,0]}],"ix":3},"r":{"a":0,"k":0,"ix":6},"o":{"a":0,"k":100,"ix":7},"sk":{"a":0,"k":0,"ix":4},"sa":{"a":0,"k":0,"ix":5},"nm":"Transform"}],"nm":"o 2","np":3,"cix":2,"bm":0,"ix":2,"mn":"ADBE Vector Group","hd":false},{"ty":"gr","it":[{"ind":0,"ty":"sh","ix":1,"ks":{"a":0,"k":{"i":[[0,0],[0,0],[0,0],[0,0]],"o":[[0,0],[0,0],[0,0],[0,0]],"v":[[220,39.582],[24,39.582],[-76,-39.582],[-220,-39.582]],"c":false},"ix":2},"nm":"Path 1","mn":"ADBE Vector Shape - Group","hd":false},{"ty":"st","c":{"a":0,"k":[0,0.611999990426,1,1],"ix":3,"x":"var $bm_rt;\n$bm_rt = thisComp.layer('Color Controls').effect('Processor Line Color')('ADBE Color Control-0001');"},"o":{"a":0,"k":100,"ix":4},"w":{"a":0,"k":10,"ix":5},"lc":2,"lj":2,"bm":0,"nm":"Stroke 1","mn":"ADBE Vector Graphic - Stroke","hd":false},{"ty":"tm","s":{"a":0,"k":0,"ix":1},"e":{"a":1,"k":[{"i":{"x":[0.098],"y":[1]},"o":{"x":[0.333],"y":[0]},"t":20,"s":[0]},{"i":{"x":[0.098],"y":[1]},"o":{"x":[0.167],"y":[0]},"t":47,"s":[100]},{"i":{"x":[0.667],"y":[1]},"o":{"x":[0.902],"y":[0]},"t":144,"s":[100]},{"t":171,"s":[0]}],"ix":2},"o":{"a":0,"k":0,"ix":3},"m":1,"ix":3,"nm":"Trim Paths 1","mn":"ADBE Vector Filter - Trim","hd":false},{"ty":"tr","p":{"a":0,"k":[1458,1161.306],"ix":2},"a":{"a":0,"k":[0,0],"ix":1},"s":{"a":0,"k":[100,100],"ix":3},"r":{"a":0,"k":0,"ix":6},"o":{"a":0,"k":100,"ix":7},"sk":{"a":0,"k":0,"ix":4},"sa":{"a":0,"k":0,"ix":5},"nm":"Transform"}],"nm":"-","np":3,"cix":2,"bm":0,"ix":3,"mn":"ADBE Vector Group","hd":false},{"ty":"gr","it":[{"ind":0,"ty":"sh","ix":1,"ks":{"a":0,"k":{"i":[[0,0],[0,0]],"o":[[0,0],[0,0]],"v":[[1675,1093.888],[1498,1093.888]],"c":false},"ix":2},"nm":"Path 1","mn":"ADBE Vector Shape - Group","hd":false},{"ty":"st","c":{"a":0,"k":[0,0.611999990426,1,1],"ix":3,"x":"var $bm_rt;\n$bm_rt = thisComp.layer('Color Controls').effect('Processor Line Color')('ADBE Color Control-0001');"},"o":{"a":0,"k":100,"ix":4},"w":{"a":0,"k":10,"ix":5},"lc":2,"lj":2,"bm":0,"nm":"Stroke 1","mn":"ADBE Vector Graphic - Stroke","hd":false},{"ty":"tm","s":{"a":0,"k":0,"ix":1},"e":{"a":1,"k":[{"i":{"x":[0.098],"y":[1]},"o":{"x":[0.333],"y":[0]},"t":20,"s":[0]},{"i":{"x":[0.833],"y":[1]},"o":{"x":[0.167],"y":[0]},"t":38.692,"s":[100]},{"i":{"x":[0.667],"y":[1]},"o":{"x":[0.902],"y":[0]},"t":152.308,"s":[100]},{"t":171,"s":[0]}],"ix":2},"o":{"a":0,"k":0,"ix":3},"m":1,"ix":3,"nm":"Trim Paths 1","mn":"ADBE Vector Filter - Trim","hd":false},{"ty":"tr","p":{"a":0,"k":[0,0],"ix":2},"a":{"a":0,"k":[0,0],"ix":1},"s":{"a":0,"k":[100,100],"ix":3},"r":{"a":0,"k":0,"ix":6},"o":{"a":0,"k":100,"ix":7},"sk":{"a":0,"k":0,"ix":4},"sa":{"a":0,"k":0,"ix":5},"nm":"Transform"}],"nm":"- 2","np":3,"cix":2,"bm":0,"ix":4,"mn":"ADBE Vector Group","hd":false},{"ty":"tr","p":{"a":0,"k":[1430.399,1134.388],"ix":2},"a":{"a":0,"k":[1430.399,1134.388],"ix":1},"s":{"a":0,"k":[100,100],"ix":3},"r":{"a":0,"k":0,"ix":6},"o":{"a":0,"k":100,"ix":7},"sk":{"a":0,"k":0,"ix":4},"sa":{"a":0,"k":0,"ix":5},"nm":"Transform"}],"nm":"o--","np":4,"cix":2,"bm":0,"ix":4,"mn":"ADBE Vector Group","hd":false},{"ty":"tr","p":{"a":0,"k":[1918.399,1533.888],"ix":2},"a":{"a":0,"k":[1430.399,1042.388],"ix":1},"s":{"a":0,"k":[100,100],"ix":3},"r":{"a":0,"k":-90,"ix":6},"o":{"a":0,"k":100,"ix":7},"sk":{"a":0,"k":0,"ix":4},"sa":{"a":0,"k":0,"ix":5},"nm":"Transform"}],"nm":"iii 2","np":4,"cix":2,"bm":0,"ix":3,"mn":"ADBE Vector Group","hd":false},{"ty":"gr","it":[{"ty":"gr","it":[{"ind":0,"ty":"sh","ix":1,"ks":{"a":0,"k":{"i":[[0,14.359],[-14.359,0],[0,-14.359],[14.359,0]],"o":[[0,-14.359],[14.359,0],[0,14.359],[-14.359,0]],"v":[[-26,0],[0,-26],[26,0],[0,26]],"c":true},"ix":2},"nm":"Path 1","mn":"ADBE Vector Shape - Group","hd":false},{"ty":"st","c":{"a":0,"k":[0,0.611999990426,1,1],"ix":3,"x":"var $bm_rt;\n$bm_rt = thisComp.layer('Color Controls').effect('Processor Line Color')('ADBE Color Control-0001');"},"o":{"a":0,"k":100,"ix":4},"w":{"a":0,"k":10,"ix":5},"lc":2,"lj":2,"bm":0,"nm":"Stroke 1","mn":"ADBE Vector Graphic - Stroke","hd":false},{"ty":"fl","c":{"a":0,"k":[0.875,0.898000021542,0.898000021542,1],"ix":4,"x":"var $bm_rt;\n$bm_rt = thisComp.layer('Color Controls').effect('Processor Color 04')('ADBE Color Control-0001');"},"o":{"a":0,"k":100,"ix":5},"r":1,"bm":0,"nm":"Fill 1","mn":"ADBE Vector Graphic - Fill","hd":false},{"ty":"tr","p":{"a":1,"k":[{"i":{"x":0.009,"y":0.929},"o":{"x":0.381,"y":0},"t":20,"s":[1651,1042.888],"to":[0,0],"ti":[0,0]},{"i":{"x":0.833,"y":0.833},"o":{"x":0.167,"y":0.167},"t":42.847,"s":[1308,1042.888],"to":[0,0],"ti":[0,0]},{"i":{"x":0.619,"y":1},"o":{"x":0.991,"y":0.071},"t":148.153,"s":[1308,1042.888],"to":[0,0],"ti":[0,0]},{"t":171,"s":[1651,1042.888]}],"ix":2},"a":{"a":0,"k":[0,0],"ix":1},"s":{"a":1,"k":[{"i":{"x":[0.667,0.667],"y":[1,1]},"o":{"x":[0.333,0.333],"y":[0,0]},"t":20,"s":[0,0]},{"i":{"x":[0.833,0.833],"y":[1,1]},"o":{"x":[0.167,0.167],"y":[0,0]},"t":24.153,"s":[100,100]},{"i":{"x":[0.667,0.667],"y":[1,1]},"o":{"x":[0.333,0.333],"y":[0,0]},"t":166.847,"s":[100,100]},{"t":171,"s":[0,0]}],"ix":3},"r":{"a":0,"k":0,"ix":6},"o":{"a":0,"k":100,"ix":7},"sk":{"a":0,"k":0,"ix":4},"sa":{"a":0,"k":0,"ix":5},"nm":"Transform"}],"nm":"o","np":3,"cix":2,"bm":0,"ix":1,"mn":"ADBE Vector Group","hd":false},{"ty":"gr","it":[{"ind":0,"ty":"sh","ix":1,"ks":{"a":0,"k":{"i":[[0,0],[0,0]],"o":[[0,0],[0,0]],"v":[[1675,1043.888],[1335,1043.888]],"c":false},"ix":2},"nm":"Path 1","mn":"ADBE Vector Shape - Group","hd":false},{"ty":"st","c":{"a":0,"k":[0,0.611999990426,1,1],"ix":3,"x":"var $bm_rt;\n$bm_rt = thisComp.layer('Color Controls').effect('Processor Line Color')('ADBE Color Control-0001');"},"o":{"a":0,"k":100,"ix":4},"w":{"a":0,"k":10,"ix":5},"lc":2,"lj":2,"bm":0,"nm":"Stroke 1","mn":"ADBE Vector Graphic - Stroke","hd":false},{"ty":"tm","s":{"a":0,"k":0,"ix":1},"e":{"a":1,"k":[{"i":{"x":[0.098],"y":[1]},"o":{"x":[0.333],"y":[0]},"t":20,"s":[0]},{"i":{"x":[0.833],"y":[1]},"o":{"x":[0.167],"y":[0]},"t":42.847,"s":[100]},{"i":{"x":[0.667],"y":[1]},"o":{"x":[0.902],"y":[0]},"t":148.153,"s":[100]},{"t":171,"s":[0]}],"ix":2},"o":{"a":0,"k":0,"ix":3},"m":1,"ix":3,"nm":"Trim Paths 1","mn":"ADBE Vector Filter - Trim","hd":false},{"ty":"tr","p":{"a":0,"k":[0,0],"ix":2},"a":{"a":0,"k":[0,0],"ix":1},"s":{"a":0,"k":[100,100],"ix":3},"r":{"a":0,"k":0,"ix":6},"o":{"a":0,"k":100,"ix":7},"sk":{"a":0,"k":0,"ix":4},"sa":{"a":0,"k":0,"ix":5},"nm":"Transform"}],"nm":"-","np":3,"cix":2,"bm":0,"ix":2,"mn":"ADBE Vector Group","hd":false},{"ty":"gr","it":[{"ty":"gr","it":[{"ind":0,"ty":"sh","ix":1,"ks":{"a":0,"k":{"i":[[0,-14.359],[-14.359,0],[0,14.359],[14.359,0]],"o":[[0,14.359],[14.359,0],[0,-14.359],[-14.359,0]],"v":[[-26,0],[0,26],[26,0],[0,-26]],"c":true},"ix":2},"nm":"Path 1","mn":"ADBE Vector Shape - Group","hd":false},{"ty":"st","c":{"a":0,"k":[0,0.611999990426,1,1],"ix":3,"x":"var $bm_rt;\n$bm_rt = thisComp.layer('Color Controls').effect('Processor Line Color')('ADBE Color Control-0001');"},"o":{"a":0,"k":100,"ix":4},"w":{"a":0,"k":10,"ix":5},"lc":2,"lj":2,"bm":0,"nm":"Stroke 1","mn":"ADBE Vector Graphic - Stroke","hd":false},{"ty":"fl","c":{"a":0,"k":[0.875,0.898000021542,0.898000021542,1],"ix":4,"x":"var $bm_rt;\n$bm_rt = thisComp.layer('Color Controls').effect('Processor Color 04')('ADBE Color Control-0001');"},"o":{"a":0,"k":100,"ix":5},"r":1,"bm":0,"nm":"Fill 1","mn":"ADBE Vector Graphic - Fill","hd":false},{"ty":"tr","p":{"a":1,"k":[{"i":{"x":0.75,"y":0.442},"o":{"x":0.551,"y":0},"t":20,"s":[1648.5,1200.388],"to":[0,0],"ti":[0,0]},{"i":{"x":0.646,"y":0.698},"o":{"x":0.318,"y":0.288},"t":26.231,"s":[1497.858,1200.14],"to":[0,0],"ti":[0,0]},{"i":{"x":0.59,"y":0.702},"o":{"x":0.274,"y":0.338},"t":27.058,"s":[1454.5,1176.888],"to":[0,0],"ti":[0,0]},{"i":{"x":0.639,"y":0.606},"o":{"x":0.308,"y":0.369},"t":29.347,"s":[1378.63,1120.984],"to":[0,0],"ti":[0,0]},{"i":{"x":0.465,"y":1},"o":{"x":0.177,"y":0.558},"t":30.393,"s":[1352.5,1121.224],"to":[0,0],"ti":[0,0]},{"i":{"x":0.465,"y":0.465},"o":{"x":0.167,"y":0.167},"t":47,"s":[1208.5,1121.224],"to":[0,0],"ti":[0,0]},{"i":{"x":0.823,"y":0.442},"o":{"x":0.535,"y":0},"t":144,"s":[1208.5,1121.224],"to":[0,0],"ti":[0,0]},{"i":{"x":0.692,"y":0.631},"o":{"x":0.361,"y":0.394},"t":160.607,"s":[1352.5,1121.224],"to":[0,0],"ti":[0,0]},{"i":{"x":0.726,"y":0.662},"o":{"x":0.41,"y":0.298},"t":161.653,"s":[1378.63,1120.984],"to":[0,0],"ti":[0,0]},{"i":{"x":0.682,"y":0.712},"o":{"x":0.354,"y":0.302},"t":163.942,"s":[1454.5,1176.888],"to":[0,0],"ti":[0,0]},{"i":{"x":0.449,"y":1},"o":{"x":0.25,"y":0.558},"t":164.769,"s":[1497.858,1200.14],"to":[0,0],"ti":[0,0]},{"t":171,"s":[1648.5,1200.388]}],"ix":2},"a":{"a":0,"k":[0,0],"ix":1},"s":{"a":1,"k":[{"i":{"x":[0.667,0.667],"y":[1,1]},"o":{"x":[0.333,0.333],"y":[0,0]},"t":20,"s":[0,0]},{"i":{"x":[0.833,0.833],"y":[1,1]},"o":{"x":[0.167,0.167],"y":[0,0]},"t":24.153,"s":[100,100]},{"i":{"x":[0.667,0.667],"y":[1,1]},"o":{"x":[0.333,0.333],"y":[0,0]},"t":166.847,"s":[100,100]},{"t":171,"s":[0,0]}],"ix":3},"r":{"a":0,"k":0,"ix":6},"o":{"a":0,"k":100,"ix":7},"sk":{"a":0,"k":0,"ix":4},"sa":{"a":0,"k":0,"ix":5},"nm":"Transform"}],"nm":"o","np":3,"cix":2,"bm":0,"ix":1,"mn":"ADBE Vector Group","hd":false},{"ty":"gr","it":[{"ind":0,"ty":"sh","ix":1,"ks":{"a":0,"k":{"i":[[0,14.359],[-14.359,0],[0,-14.359],[14.359,0]],"o":[[0,-14.359],[14.359,0],[0,14.359],[-14.359,0]],"v":[[-26,0],[0,-26],[26,0],[0,26]],"c":true},"ix":2},"nm":"Path 1","mn":"ADBE Vector Shape - Group","hd":false},{"ty":"st","c":{"a":0,"k":[0,0.611999990426,1,1],"ix":3,"x":"var $bm_rt;\n$bm_rt = thisComp.layer('Color Controls').effect('Processor Line Color')('ADBE Color Control-0001');"},"o":{"a":0,"k":100,"ix":4},"w":{"a":0,"k":10,"ix":5},"lc":2,"lj":2,"bm":0,"nm":"Stroke 1","mn":"ADBE Vector Graphic - Stroke","hd":false},{"ty":"fl","c":{"a":0,"k":[0.875,0.898000021542,0.898000021542,1],"ix":4,"x":"var $bm_rt;\n$bm_rt = thisComp.layer('Color Controls').effect('Processor Color 04')('ADBE Color Control-0001');"},"o":{"a":0,"k":100,"ix":5},"r":1,"bm":0,"nm":"Fill 1","mn":"ADBE Vector Graphic - Fill","hd":false},{"ty":"tr","p":{"a":1,"k":[{"i":{"x":0.062,"y":1},"o":{"x":0.333,"y":0},"t":20,"s":[1651,1093.888],"to":[0,0],"ti":[0,0]},{"i":{"x":0.833,"y":0.833},"o":{"x":0.167,"y":0.167},"t":38.692,"s":[1471,1093.888],"to":[0,0],"ti":[0,0]},{"i":{"x":0.667,"y":1},"o":{"x":0.938,"y":0},"t":152.308,"s":[1471,1093.888],"to":[0,0],"ti":[0,0]},{"t":171,"s":[1651,1093.888]}],"ix":2},"a":{"a":0,"k":[0,0],"ix":1},"s":{"a":1,"k":[{"i":{"x":[0.667,0.667],"y":[1,1]},"o":{"x":[0.333,0.333],"y":[0,0]},"t":20,"s":[0,0]},{"i":{"x":[0.833,0.833],"y":[1,1]},"o":{"x":[0.167,0.167],"y":[0,0]},"t":24.153,"s":[100,100]},{"i":{"x":[0.667,0.667],"y":[1,1]},"o":{"x":[0.333,0.333],"y":[0,0]},"t":166.847,"s":[100,100]},{"t":171,"s":[0,0]}],"ix":3},"r":{"a":0,"k":0,"ix":6},"o":{"a":0,"k":100,"ix":7},"sk":{"a":0,"k":0,"ix":4},"sa":{"a":0,"k":0,"ix":5},"nm":"Transform"}],"nm":"o 2","np":3,"cix":2,"bm":0,"ix":2,"mn":"ADBE Vector Group","hd":false},{"ty":"gr","it":[{"ind":0,"ty":"sh","ix":1,"ks":{"a":0,"k":{"i":[[0,0],[0,0],[0,0],[0,0]],"o":[[0,0],[0,0],[0,0],[0,0]],"v":[[220,39.582],[24,39.582],[-76,-39.582],[-220,-39.582]],"c":false},"ix":2},"nm":"Path 1","mn":"ADBE Vector Shape - Group","hd":false},{"ty":"st","c":{"a":0,"k":[0,0.611999990426,1,1],"ix":3,"x":"var $bm_rt;\n$bm_rt = thisComp.layer('Color Controls').effect('Processor Line Color')('ADBE Color Control-0001');"},"o":{"a":0,"k":100,"ix":4},"w":{"a":0,"k":10,"ix":5},"lc":2,"lj":2,"bm":0,"nm":"Stroke 1","mn":"ADBE Vector Graphic - Stroke","hd":false},{"ty":"tm","s":{"a":0,"k":0,"ix":1},"e":{"a":1,"k":[{"i":{"x":[0.098],"y":[1]},"o":{"x":[0.333],"y":[0]},"t":20,"s":[0]},{"i":{"x":[0.098],"y":[1]},"o":{"x":[0.167],"y":[0]},"t":47,"s":[100]},{"i":{"x":[0.667],"y":[1]},"o":{"x":[0.902],"y":[0]},"t":144,"s":[100]},{"t":171,"s":[0]}],"ix":2},"o":{"a":0,"k":0,"ix":3},"m":1,"ix":3,"nm":"Trim Paths 1","mn":"ADBE Vector Filter - Trim","hd":false},{"ty":"tr","p":{"a":0,"k":[1458,1161.306],"ix":2},"a":{"a":0,"k":[0,0],"ix":1},"s":{"a":0,"k":[100,100],"ix":3},"r":{"a":0,"k":0,"ix":6},"o":{"a":0,"k":100,"ix":7},"sk":{"a":0,"k":0,"ix":4},"sa":{"a":0,"k":0,"ix":5},"nm":"Transform"}],"nm":"-","np":3,"cix":2,"bm":0,"ix":3,"mn":"ADBE Vector Group","hd":false},{"ty":"gr","it":[{"ind":0,"ty":"sh","ix":1,"ks":{"a":0,"k":{"i":[[0,0],[0,0]],"o":[[0,0],[0,0]],"v":[[1675,1093.888],[1498,1093.888]],"c":false},"ix":2},"nm":"Path 1","mn":"ADBE Vector Shape - Group","hd":false},{"ty":"st","c":{"a":0,"k":[0,0.611999990426,1,1],"ix":3,"x":"var $bm_rt;\n$bm_rt = thisComp.layer('Color Controls').effect('Processor Line Color')('ADBE Color Control-0001');"},"o":{"a":0,"k":100,"ix":4},"w":{"a":0,"k":10,"ix":5},"lc":2,"lj":2,"bm":0,"nm":"Stroke 1","mn":"ADBE Vector Graphic - Stroke","hd":false},{"ty":"tm","s":{"a":0,"k":0,"ix":1},"e":{"a":1,"k":[{"i":{"x":[0.098],"y":[1]},"o":{"x":[0.333],"y":[0]},"t":20,"s":[0]},{"i":{"x":[0.833],"y":[1]},"o":{"x":[0.167],"y":[0]},"t":38.692,"s":[100]},{"i":{"x":[0.667],"y":[1]},"o":{"x":[0.902],"y":[0]},"t":152.308,"s":[100]},{"t":171,"s":[0]}],"ix":2},"o":{"a":0,"k":0,"ix":3},"m":1,"ix":3,"nm":"Trim Paths 1","mn":"ADBE Vector Filter - Trim","hd":false},{"ty":"tr","p":{"a":0,"k":[0,0],"ix":2},"a":{"a":0,"k":[0,0],"ix":1},"s":{"a":0,"k":[100,100],"ix":3},"r":{"a":0,"k":0,"ix":6},"o":{"a":0,"k":100,"ix":7},"sk":{"a":0,"k":0,"ix":4},"sa":{"a":0,"k":0,"ix":5},"nm":"Transform"}],"nm":"- 2","np":3,"cix":2,"bm":0,"ix":4,"mn":"ADBE Vector Group","hd":false},{"ty":"tr","p":{"a":0,"k":[1430.399,950.388],"ix":2},"a":{"a":0,"k":[1430.399,1134.388],"ix":1},"s":{"a":0,"k":[100,-100],"ix":3},"r":{"a":0,"k":0,"ix":6},"o":{"a":0,"k":100,"ix":7},"sk":{"a":0,"k":0,"ix":4},"sa":{"a":0,"k":0,"ix":5},"nm":"Transform"}],"nm":"o-- 2","np":4,"cix":2,"bm":0,"ix":3,"mn":"ADBE Vector Group","hd":false},{"ty":"gr","it":[{"ty":"gr","it":[{"ind":0,"ty":"sh","ix":1,"ks":{"a":0,"k":{"i":[[0,-14.359],[-14.359,0],[0,14.359],[14.359,0]],"o":[[0,14.359],[14.359,0],[0,-14.359],[-14.359,0]],"v":[[-26,0],[0,26],[26,0],[0,-26]],"c":true},"ix":2},"nm":"Path 1","mn":"ADBE Vector Shape - Group","hd":false},{"ty":"st","c":{"a":0,"k":[0,0.611999990426,1,1],"ix":3,"x":"var $bm_rt;\n$bm_rt = thisComp.layer('Color Controls').effect('Processor Line Color')('ADBE Color Control-0001');"},"o":{"a":0,"k":100,"ix":4},"w":{"a":0,"k":10,"ix":5},"lc":2,"lj":2,"bm":0,"nm":"Stroke 1","mn":"ADBE Vector Graphic - Stroke","hd":false},{"ty":"fl","c":{"a":0,"k":[0.875,0.898000021542,0.898000021542,1],"ix":4,"x":"var $bm_rt;\n$bm_rt = thisComp.layer('Color Controls').effect('Processor Color 04')('ADBE Color Control-0001');"},"o":{"a":0,"k":100,"ix":5},"r":1,"bm":0,"nm":"Fill 1","mn":"ADBE Vector Graphic - Fill","hd":false},{"ty":"tr","p":{"a":1,"k":[{"i":{"x":0.75,"y":0.442},"o":{"x":0.551,"y":0},"t":20,"s":[1648.5,1200.388],"to":[0,0],"ti":[0,0]},{"i":{"x":0.646,"y":0.698},"o":{"x":0.318,"y":0.288},"t":26.231,"s":[1497.858,1200.14],"to":[0,0],"ti":[0,0]},{"i":{"x":0.59,"y":0.702},"o":{"x":0.274,"y":0.338},"t":27.058,"s":[1454.5,1176.888],"to":[0,0],"ti":[0,0]},{"i":{"x":0.639,"y":0.606},"o":{"x":0.308,"y":0.369},"t":29.347,"s":[1378.63,1120.984],"to":[0,0],"ti":[0,0]},{"i":{"x":0.465,"y":1},"o":{"x":0.177,"y":0.558},"t":30.393,"s":[1352.5,1121.224],"to":[0,0],"ti":[0,0]},{"i":{"x":0.465,"y":0.465},"o":{"x":0.167,"y":0.167},"t":47,"s":[1208.5,1121.224],"to":[0,0],"ti":[0,0]},{"i":{"x":0.823,"y":0.442},"o":{"x":0.535,"y":0},"t":144,"s":[1208.5,1121.224],"to":[0,0],"ti":[0,0]},{"i":{"x":0.692,"y":0.631},"o":{"x":0.361,"y":0.394},"t":160.607,"s":[1352.5,1121.224],"to":[0,0],"ti":[0,0]},{"i":{"x":0.726,"y":0.662},"o":{"x":0.41,"y":0.298},"t":161.653,"s":[1378.63,1120.984],"to":[0,0],"ti":[0,0]},{"i":{"x":0.682,"y":0.712},"o":{"x":0.354,"y":0.302},"t":163.942,"s":[1454.5,1176.888],"to":[0,0],"ti":[0,0]},{"i":{"x":0.449,"y":1},"o":{"x":0.25,"y":0.558},"t":164.769,"s":[1497.858,1200.14],"to":[0,0],"ti":[0,0]},{"t":171,"s":[1648.5,1200.388]}],"ix":2},"a":{"a":0,"k":[0,0],"ix":1},"s":{"a":1,"k":[{"i":{"x":[0.667,0.667],"y":[1,1]},"o":{"x":[0.333,0.333],"y":[0,0]},"t":20,"s":[0,0]},{"i":{"x":[0.833,0.833],"y":[1,1]},"o":{"x":[0.167,0.167],"y":[0,0]},"t":24.153,"s":[100,100]},{"i":{"x":[0.667,0.667],"y":[1,1]},"o":{"x":[0.333,0.333],"y":[0,0]},"t":166.847,"s":[100,100]},{"t":171,"s":[0,0]}],"ix":3},"r":{"a":0,"k":0,"ix":6},"o":{"a":0,"k":100,"ix":7},"sk":{"a":0,"k":0,"ix":4},"sa":{"a":0,"k":0,"ix":5},"nm":"Transform"}],"nm":"o","np":3,"cix":2,"bm":0,"ix":1,"mn":"ADBE Vector Group","hd":false},{"ty":"gr","it":[{"ind":0,"ty":"sh","ix":1,"ks":{"a":0,"k":{"i":[[0,14.359],[-14.359,0],[0,-14.359],[14.359,0]],"o":[[0,-14.359],[14.359,0],[0,14.359],[-14.359,0]],"v":[[-26,0],[0,-26],[26,0],[0,26]],"c":true},"ix":2},"nm":"Path 1","mn":"ADBE Vector Shape - Group","hd":false},{"ty":"st","c":{"a":0,"k":[0,0.611999990426,1,1],"ix":3,"x":"var $bm_rt;\n$bm_rt = thisComp.layer('Color Controls').effect('Processor Line Color')('ADBE Color Control-0001');"},"o":{"a":0,"k":100,"ix":4},"w":{"a":0,"k":10,"ix":5},"lc":2,"lj":2,"bm":0,"nm":"Stroke 1","mn":"ADBE Vector Graphic - Stroke","hd":false},{"ty":"fl","c":{"a":0,"k":[0.875,0.898000021542,0.898000021542,1],"ix":4,"x":"var $bm_rt;\n$bm_rt = thisComp.layer('Color Controls').effect('Processor Color 04')('ADBE Color Control-0001');"},"o":{"a":0,"k":100,"ix":5},"r":1,"bm":0,"nm":"Fill 1","mn":"ADBE Vector Graphic - Fill","hd":false},{"ty":"tr","p":{"a":1,"k":[{"i":{"x":0.062,"y":1},"o":{"x":0.333,"y":0},"t":20,"s":[1651,1093.888],"to":[0,0],"ti":[0,0]},{"i":{"x":0.833,"y":0.833},"o":{"x":0.167,"y":0.167},"t":38.692,"s":[1471,1093.888],"to":[0,0],"ti":[0,0]},{"i":{"x":0.667,"y":1},"o":{"x":0.938,"y":0},"t":152.308,"s":[1471,1093.888],"to":[0,0],"ti":[0,0]},{"t":171,"s":[1651,1093.888]}],"ix":2},"a":{"a":0,"k":[0,0],"ix":1},"s":{"a":1,"k":[{"i":{"x":[0.667,0.667],"y":[1,1]},"o":{"x":[0.333,0.333],"y":[0,0]},"t":20,"s":[0,0]},{"i":{"x":[0.833,0.833],"y":[1,1]},"o":{"x":[0.167,0.167],"y":[0,0]},"t":24.153,"s":[100,100]},{"i":{"x":[0.667,0.667],"y":[1,1]},"o":{"x":[0.333,0.333],"y":[0,0]},"t":166.847,"s":[100,100]},{"t":171,"s":[0,0]}],"ix":3},"r":{"a":0,"k":0,"ix":6},"o":{"a":0,"k":100,"ix":7},"sk":{"a":0,"k":0,"ix":4},"sa":{"a":0,"k":0,"ix":5},"nm":"Transform"}],"nm":"o 2","np":3,"cix":2,"bm":0,"ix":2,"mn":"ADBE Vector Group","hd":false},{"ty":"gr","it":[{"ind":0,"ty":"sh","ix":1,"ks":{"a":0,"k":{"i":[[0,0],[0,0],[0,0],[0,0]],"o":[[0,0],[0,0],[0,0],[0,0]],"v":[[220,39.582],[24,39.582],[-76,-39.582],[-220,-39.582]],"c":false},"ix":2},"nm":"Path 1","mn":"ADBE Vector Shape - Group","hd":false},{"ty":"st","c":{"a":0,"k":[0,0.611999990426,1,1],"ix":3,"x":"var $bm_rt;\n$bm_rt = thisComp.layer('Color Controls').effect('Processor Line Color')('ADBE Color Control-0001');"},"o":{"a":0,"k":100,"ix":4},"w":{"a":0,"k":10,"ix":5},"lc":2,"lj":2,"bm":0,"nm":"Stroke 1","mn":"ADBE Vector Graphic - Stroke","hd":false},{"ty":"tm","s":{"a":0,"k":0,"ix":1},"e":{"a":1,"k":[{"i":{"x":[0.098],"y":[1]},"o":{"x":[0.333],"y":[0]},"t":20,"s":[0]},{"i":{"x":[0.098],"y":[1]},"o":{"x":[0.167],"y":[0]},"t":47,"s":[100]},{"i":{"x":[0.667],"y":[1]},"o":{"x":[0.902],"y":[0]},"t":144,"s":[100]},{"t":171,"s":[0]}],"ix":2},"o":{"a":0,"k":0,"ix":3},"m":1,"ix":3,"nm":"Trim Paths 1","mn":"ADBE Vector Filter - Trim","hd":false},{"ty":"tr","p":{"a":0,"k":[1458,1161.306],"ix":2},"a":{"a":0,"k":[0,0],"ix":1},"s":{"a":0,"k":[100,100],"ix":3},"r":{"a":0,"k":0,"ix":6},"o":{"a":0,"k":100,"ix":7},"sk":{"a":0,"k":0,"ix":4},"sa":{"a":0,"k":0,"ix":5},"nm":"Transform"}],"nm":"-","np":3,"cix":2,"bm":0,"ix":3,"mn":"ADBE Vector Group","hd":false},{"ty":"gr","it":[{"ind":0,"ty":"sh","ix":1,"ks":{"a":0,"k":{"i":[[0,0],[0,0]],"o":[[0,0],[0,0]],"v":[[1675,1093.888],[1498,1093.888]],"c":false},"ix":2},"nm":"Path 1","mn":"ADBE Vector Shape - Group","hd":false},{"ty":"st","c":{"a":0,"k":[0,0.611999990426,1,1],"ix":3,"x":"var $bm_rt;\n$bm_rt = thisComp.layer('Color Controls').effect('Processor Line Color')('ADBE Color Control-0001');"},"o":{"a":0,"k":100,"ix":4},"w":{"a":0,"k":10,"ix":5},"lc":2,"lj":2,"bm":0,"nm":"Stroke 1","mn":"ADBE Vector Graphic - Stroke","hd":false},{"ty":"tm","s":{"a":0,"k":0,"ix":1},"e":{"a":1,"k":[{"i":{"x":[0.098],"y":[1]},"o":{"x":[0.333],"y":[0]},"t":20,"s":[0]},{"i":{"x":[0.833],"y":[1]},"o":{"x":[0.167],"y":[0]},"t":38.692,"s":[100]},{"i":{"x":[0.667],"y":[1]},"o":{"x":[0.902],"y":[0]},"t":152.308,"s":[100]},{"t":171,"s":[0]}],"ix":2},"o":{"a":0,"k":0,"ix":3},"m":1,"ix":3,"nm":"Trim Paths 1","mn":"ADBE Vector Filter - Trim","hd":false},{"ty":"tr","p":{"a":0,"k":[0,0],"ix":2},"a":{"a":0,"k":[0,0],"ix":1},"s":{"a":0,"k":[100,100],"ix":3},"r":{"a":0,"k":0,"ix":6},"o":{"a":0,"k":100,"ix":7},"sk":{"a":0,"k":0,"ix":4},"sa":{"a":0,"k":0,"ix":5},"nm":"Transform"}],"nm":"- 2","np":3,"cix":2,"bm":0,"ix":4,"mn":"ADBE Vector Group","hd":false},{"ty":"tr","p":{"a":0,"k":[1430.399,1134.388],"ix":2},"a":{"a":0,"k":[1430.399,1134.388],"ix":1},"s":{"a":0,"k":[100,100],"ix":3},"r":{"a":0,"k":0,"ix":6},"o":{"a":0,"k":100,"ix":7},"sk":{"a":0,"k":0,"ix":4},"sa":{"a":0,"k":0,"ix":5},"nm":"Transform"}],"nm":"o--","np":4,"cix":2,"bm":0,"ix":4,"mn":"ADBE Vector Group","hd":false},{"ty":"tr","p":{"a":0,"k":[1430.399,1042.388],"ix":2},"a":{"a":0,"k":[1430.399,1042.388],"ix":1},"s":{"a":0,"k":[100,100],"ix":3},"r":{"a":0,"k":0,"ix":6},"o":{"a":0,"k":100,"ix":7},"sk":{"a":0,"k":0,"ix":4},"sa":{"a":0,"k":0,"ix":5},"nm":"Transform"}],"nm":"iii 1","np":4,"cix":2,"bm":0,"ix":4,"mn":"ADBE Vector Group","hd":false},{"ty":"gr","it":[{"ty":"gr","it":[{"ind":0,"ty":"sh","ix":1,"ks":{"a":0,"k":{"i":[[7.43,0],[0,0],[0,7.43],[0,0],[-7.429,0],[0,0],[0,-7.43],[0,0]],"o":[[0,0],[-7.429,0],[0,0],[0,-7.43],[0,0],[7.43,0],[0,0],[0,7.43]],"v":[[134.548,24.666],[-134.548,24.666],[-148,11.215],[-148,-11.215],[-134.548,-24.666],[134.548,-24.666],[148,-11.215],[148,11.215]],"c":true},"ix":2},"nm":"Path 1","mn":"ADBE Vector Shape - Group","hd":false},{"ty":"fl","c":{"a":0,"k":[0.976000019148,0.368999974868,0.352999997606,1],"ix":4,"x":"var $bm_rt;\n$bm_rt = thisComp.layer('Color Controls').effect('Plug Icon Color 02')('ADBE Color Control-0001');"},"o":{"a":0,"k":100,"ix":5},"r":1,"bm":0,"nm":"Fill 1","mn":"ADBE Vector Graphic - Fill","hd":false},{"ty":"tr","p":{"a":1,"k":[{"i":{"x":0.1,"y":1},"o":{"x":0.333,"y":0},"t":25,"s":[1921,535.037],"to":[0,0],"ti":[0,0]},{"i":{"x":0.1,"y":0.1},"o":{"x":0.333,"y":0.333},"t":47,"s":[1921,472.037],"to":[0,0],"ti":[0,0]},{"i":{"x":0.667,"y":1},"o":{"x":0.9,"y":0},"t":144,"s":[1921,472.037],"to":[0,0],"ti":[0,0]},{"t":166,"s":[1921,535.037]}],"ix":2},"a":{"a":0,"k":[0,0],"ix":1},"s":{"a":0,"k":[100,100],"ix":3},"r":{"a":0,"k":0,"ix":6},"o":{"a":0,"k":100,"ix":7},"sk":{"a":0,"k":0,"ix":4},"sa":{"a":0,"k":0,"ix":5},"nm":"Transform"}],"nm":"Group 38","np":2,"cix":2,"bm":0,"ix":1,"mn":"ADBE Vector Group","hd":false},{"ty":"gr","it":[{"ind":0,"ty":"sh","ix":1,"ks":{"a":0,"k":{"i":[[27.552,0],[0,0],[2.758,31.111],[0,0],[0,0],[0,0]],"o":[[0,0],[-27.553,0],[0,0],[0,0],[0,0],[-2.759,31.111]],"v":[[71.459,101.362],[-71.458,101.362],[-124.843,46.568],[-137.959,-101.362],[137.959,-101.362],[124.844,46.568]],"c":true},"ix":2},"nm":"Path 1","mn":"ADBE Vector Shape - Group","hd":false},{"ty":"fl","c":{"a":0,"k":[0.984000052658,0.250999989229,0.231000010173,1],"ix":4,"x":"var $bm_rt;\n$bm_rt = thisComp.layer('Color Controls').effect('Plug Icon Color 03')('ADBE Color Control-0001');"},"o":{"a":0,"k":100,"ix":5},"r":1,"bm":0,"nm":"Fill 1","mn":"ADBE Vector Graphic - Fill","hd":false},{"ty":"tr","p":{"a":0,"k":[1921,654.235],"ix":2},"a":{"a":0,"k":[0,96],"ix":1},"s":{"a":1,"k":[{"i":{"x":[0.1,0.1],"y":[1,1]},"o":{"x":[0.333,0.333],"y":[0,0]},"t":25,"s":[100,65]},{"i":{"x":[0.1,0.1],"y":[1,1]},"o":{"x":[0.333,0.333],"y":[0,0]},"t":47,"s":[100,100]},{"i":{"x":[0.667,0.667],"y":[1,1]},"o":{"x":[0.9,0.9],"y":[0,0]},"t":144,"s":[100,100]},{"t":166,"s":[100,65]}],"ix":3},"r":{"a":0,"k":0,"ix":6},"o":{"a":0,"k":100,"ix":7},"sk":{"a":0,"k":0,"ix":4},"sa":{"a":0,"k":0,"ix":5},"nm":"Transform"}],"nm":"U","np":2,"cix":2,"bm":0,"ix":2,"mn":"ADBE Vector Group","hd":false},{"ty":"gr","it":[{"ind":0,"ty":"sh","ix":1,"ks":{"a":0,"k":{"i":[[0,0],[0,0]],"o":[[0,0],[0,0]],"v":[[2000.585,386.402],[2000.585,484.798]],"c":false},"ix":2},"nm":"Path 1","mn":"ADBE Vector Shape - Group","hd":false},{"ty":"st","c":{"a":0,"k":[0.075,0.172999991623,0.263000009574,1],"ix":3,"x":"var $bm_rt;\n$bm_rt = thisComp.layer('Color Controls').effect('Plug Icon Color 01')('ADBE Color Control-0001');"},"o":{"a":0,"k":100,"ix":4},"w":{"a":0,"k":32.579,"ix":5},"lc":2,"lj":2,"bm":0,"nm":"Stroke 1","mn":"ADBE Vector Graphic - Stroke","hd":false},{"ty":"tr","p":{"a":1,"k":[{"i":{"x":0.1,"y":1},"o":{"x":0.333,"y":0},"t":25,"s":[0,133],"to":[0,0],"ti":[0,0]},{"i":{"x":0.1,"y":0.1},"o":{"x":0.333,"y":0.333},"t":47,"s":[0,0],"to":[0,0],"ti":[0,0]},{"i":{"x":0.667,"y":1},"o":{"x":0.9,"y":0},"t":144,"s":[0,0],"to":[0,0],"ti":[0,0]},{"t":166,"s":[0,133]}],"ix":2},"a":{"a":0,"k":[0,0],"ix":1},"s":{"a":0,"k":[100,100],"ix":3},"r":{"a":0,"k":0,"ix":6},"o":{"a":0,"k":100,"ix":7},"sk":{"a":0,"k":0,"ix":4},"sa":{"a":0,"k":0,"ix":5},"nm":"Transform"}],"nm":"Group 40","np":2,"cix":2,"bm":0,"ix":3,"mn":"ADBE Vector Group","hd":false},{"ty":"gr","it":[{"ind":0,"ty":"sh","ix":1,"ks":{"a":0,"k":{"i":[[0,0],[0,0]],"o":[[0,0],[0,0]],"v":[[1839.553,386.402],[1839.553,484.798]],"c":false},"ix":2},"nm":"Path 1","mn":"ADBE Vector Shape - Group","hd":false},{"ty":"st","c":{"a":0,"k":[0.075,0.172999991623,0.263000009574,1],"ix":3,"x":"var $bm_rt;\n$bm_rt = thisComp.layer('Color Controls').effect('Plug Icon Color 01')('ADBE Color Control-0001');"},"o":{"a":0,"k":100,"ix":4},"w":{"a":0,"k":32.579,"ix":5},"lc":2,"lj":2,"bm":0,"nm":"Stroke 1","mn":"ADBE Vector Graphic - Stroke","hd":false},{"ty":"tr","p":{"a":1,"k":[{"i":{"x":0.1,"y":1},"o":{"x":0.333,"y":0},"t":25,"s":[0,133],"to":[0,0],"ti":[0,0]},{"i":{"x":0.1,"y":0.1},"o":{"x":0.333,"y":0.333},"t":47,"s":[0,0],"to":[0,0],"ti":[0,0]},{"i":{"x":0.667,"y":1},"o":{"x":0.9,"y":0},"t":144,"s":[0,0],"to":[0,0],"ti":[0,0]},{"t":166,"s":[0,133]}],"ix":2},"a":{"a":0,"k":[0,0],"ix":1},"s":{"a":0,"k":[100,100],"ix":3},"r":{"a":0,"k":0,"ix":6},"o":{"a":0,"k":100,"ix":7},"sk":{"a":0,"k":0,"ix":4},"sa":{"a":0,"k":0,"ix":5},"nm":"Transform"}],"nm":"Group 41","np":2,"cix":2,"bm":0,"ix":4,"mn":"ADBE Vector Group","hd":false},{"ty":"gr","it":[{"ind":0,"ty":"sh","ix":1,"ks":{"a":0,"k":{"i":[[0,0],[0,0]],"o":[[0,0],[0,0]],"v":[[-0.232,85.868],[0.233,-85.868]],"c":false},"ix":2},"nm":"Path 1","mn":"ADBE Vector Shape - Group","hd":false},{"ty":"st","c":{"a":0,"k":[0.075,0.172999991623,0.263000009574,1],"ix":3,"x":"var $bm_rt;\n$bm_rt = thisComp.layer('Color Controls').effect('Plug Icon Color 01')('ADBE Color Control-0001');"},"o":{"a":0,"k":100,"ix":4},"w":{"a":0,"k":34.44,"ix":5},"lc":1,"lj":2,"bm":0,"nm":"Stroke 1","mn":"ADBE Vector Graphic - Stroke","hd":false},{"ty":"tr","p":{"a":0,"k":[1920.302,720.798],"ix":2},"a":{"a":0,"k":[0,0],"ix":1},"s":{"a":0,"k":[100,100],"ix":3},"r":{"a":0,"k":0,"ix":6},"o":{"a":0,"k":100,"ix":7},"sk":{"a":0,"k":0,"ix":4},"sa":{"a":0,"k":0,"ix":5},"nm":"Transform"}],"nm":"Group 42","np":2,"cix":2,"bm":0,"ix":5,"mn":"ADBE Vector Group","hd":false},{"ty":"tr","p":{"a":1,"k":[{"i":{"x":0.1,"y":1},"o":{"x":0.333,"y":0},"t":20,"s":[1921,1085.534],"to":[0,0],"ti":[0,0]},{"i":{"x":0.1,"y":0.1},"o":{"x":0.333,"y":0.333},"t":47,"s":[1921,795.534],"to":[0,0],"ti":[0,0]},{"i":{"x":0.667,"y":1},"o":{"x":0.9,"y":0},"t":144,"s":[1921,795.534],"to":[0,0],"ti":[0,0]},{"t":171,"s":[1921,1085.534]}],"ix":2},"a":{"a":0,"k":[1921,795.534],"ix":1},"s":{"a":1,"k":[{"i":{"x":[0.833,0.833],"y":[0.833,0.833]},"o":{"x":[0.167,0.167],"y":[0.167,0.167]},"t":18,"s":[0,0]},{"i":{"x":[0.833,0.833],"y":[0.833,0.833]},"o":{"x":[0.167,0.167],"y":[0.167,0.167]},"t":20,"s":[100,100]},{"i":{"x":[0.833,0.833],"y":[0.833,0.833]},"o":{"x":[0.167,0.167],"y":[0.167,0.167]},"t":171,"s":[100,100]},{"t":173,"s":[0,0]}],"ix":3},"r":{"a":0,"k":0,"ix":6},"o":{"a":0,"k":100,"ix":7},"sk":{"a":0,"k":0,"ix":4},"sa":{"a":0,"k":0,"ix":5},"nm":"Transform"}],"nm":"Plug","np":5,"cix":2,"bm":0,"ix":5,"mn":"ADBE Vector Group","hd":false},{"ty":"tr","p":{"a":0,"k":[1919.899,1056.344],"ix":2},"a":{"a":0,"k":[1919.899,1056.344],"ix":1},"s":{"a":1,"k":[{"i":{"x":[0.09,0.09],"y":[1,1]},"o":{"x":[0.333,0.333],"y":[0,0]},"t":0,"s":[0,0]},{"i":{"x":[0.833,0.833],"y":[1,1]},"o":{"x":[0.167,0.167],"y":[0,0]},"t":15,"s":[100,100]},{"i":{"x":[0.667,0.667],"y":[1,1]},"o":{"x":[0.91,0.91],"y":[0,0]},"t":176,"s":[100,100]},{"t":191,"s":[0,0]}],"ix":3},"r":{"a":0,"k":0,"ix":6},"o":{"a":0,"k":100,"ix":7},"sk":{"a":0,"k":0,"ix":4},"sa":{"a":0,"k":0,"ix":5},"nm":"Transform"}],"nm":"All","np":5,"cix":2,"bm":0,"ix":1,"mn":"ADBE Vector Group","hd":false}],"ip":0,"op":192,"st":0,"bm":0}]}],"layers":[{"ddd":0,"ind":1,"ty":0,"nm":"Electronic","refId":"comp_0","sr":1,"ks":{"o":{"a":0,"k":100,"ix":11},"r":{"a":0,"k":0,"ix":10},"p":{"a":0,"k":[1920,1080,0],"ix":2},"a":{"a":0,"k":[1920,1080,0],"ix":1},"s":{"a":0,"k":[100,100,100],"ix":6}},"ao":0,"w":3840,"h":2160,"ip":0,"op":192,"st":0,"bm":0}],"markers":[{"tm":47,"cm":"1","dr":0},{"tm":144,"cm":"2","dr":0}]}