{"v":"4.8.0","meta":{"g":"LottieFiles AE ","a":"","k":"","d":"","tc":""},"fr":25,"ip":0,"op":56,"w":308,"h":639,"nm":"Main","ddd":0,"assets":[{"id":"comp_0","layers":[{"ddd":0,"ind":1,"ty":4,"nm":"Shape Layer 1","sr":1,"ks":{"o":{"a":0,"k":100,"ix":11},"r":{"a":0,"k":0,"ix":10},"p":{"a":0,"k":[154,34.75,0],"ix":2},"a":{"a":0,"k":[-2.5,-284.75,0],"ix":1},"s":{"a":0,"k":[100,100,100],"ix":6}},"ao":0,"shapes":[{"ty":"gr","it":[{"d":1,"ty":"el","s":{"a":0,"k":[10,10],"ix":2},"p":{"a":0,"k":[0,0],"ix":3},"nm":"Ellipse Path 1","mn":"ADBE Vector Shape - Ellipse","hd":false},{"ty":"st","c":{"a":0,"k":[0,0,0,1],"ix":3},"o":{"a":0,"k":100,"ix":4},"w":{"a":0,"k":0,"ix":5},"lc":1,"lj":1,"ml":4,"bm":0,"nm":"Stroke 1","mn":"ADBE Vector Graphic - Stroke","hd":false},{"ty":"fl","c":{"a":0,"k":[0.066436012118,0,0.313725490196,1],"ix":4},"o":{"a":0,"k":100,"ix":5},"r":1,"bm":0,"nm":"Fill 1","mn":"ADBE Vector Graphic - Fill","hd":false},{"ty":"tr","p":{"a":0,"k":[45,-284],"ix":2},"a":{"a":0,"k":[0,0],"ix":1},"s":{"a":0,"k":[100,100],"ix":3},"r":{"a":0,"k":0,"ix":6},"o":{"a":0,"k":100,"ix":7},"sk":{"a":0,"k":0,"ix":4},"sa":{"a":0,"k":0,"ix":5},"nm":"Transform"}],"nm":"Ellipse 1","np":3,"cix":2,"bm":0,"ix":1,"mn":"ADBE Vector Group","hd":false},{"ty":"gr","it":[{"ty":"rc","d":1,"s":{"a":0,"k":[74,6.5],"ix":2},"p":{"a":0,"k":[0,0],"ix":3},"r":{"a":0,"k":20,"ix":4},"nm":"Rectangle Path 1","mn":"ADBE Vector Shape - Rect","hd":false},{"ty":"st","c":{"a":0,"k":[0.020023071065,0.850980392157,0,1],"ix":3},"o":{"a":0,"k":100,"ix":4},"w":{"a":0,"k":0,"ix":5},"lc":1,"lj":1,"ml":4,"bm":0,"nm":"Stroke 1","mn":"ADBE Vector Graphic - Stroke","hd":false},{"ty":"fl","c":{"a":0,"k":[0,0,0,1],"ix":4},"o":{"a":0,"k":100,"ix":5},"r":1,"bm":0,"nm":"Fill 1","mn":"ADBE Vector Graphic - Fill","hd":false},{"ty":"tr","p":{"a":0,"k":[-2.5,-284.75],"ix":2},"a":{"a":0,"k":[0,0],"ix":1},"s":{"a":0,"k":[100,100],"ix":3},"r":{"a":0,"k":0,"ix":6},"o":{"a":0,"k":100,"ix":7},"sk":{"a":0,"k":0,"ix":4},"sa":{"a":0,"k":0,"ix":5},"nm":"Transform"}],"nm":"Rectangle 1","np":3,"cix":2,"bm":0,"ix":2,"mn":"ADBE Vector Group","hd":false}],"ip":0,"op":737,"st":0,"bm":0},{"ddd":0,"ind":2,"ty":1,"nm":"Sólido Profundo Azul 3","sr":1,"ks":{"o":{"a":0,"k":56,"ix":11},"r":{"a":0,"k":0,"ix":10},"p":{"a":1,"k":[{"i":{"x":0.833,"y":1},"o":{"x":0.167,"y":0},"t":0,"s":[154,319.5,0],"to":[-79.625,-46.958,0],"ti":[79.625,46.958,0]},{"t":56,"s":[-323.75,37.75,0]}],"ix":2},"a":{"a":0,"k":[734,466.5,0],"ix":1},"s":{"a":0,"k":[100,100,100],"ix":6}},"ao":0,"hasMask":true,"masksProperties":[{"inv":false,"mode":"f","pt":{"a":0,"k":{"i":[[0,0],[-96.625,-68.465],[-52.521,-27.786],[-101.24,-66.539],[-60.329,-35.502]],"o":[[68.135,45.898],[59.378,42.073],[47.682,25.227],[52.359,34.413],[0,0]],"v":[[1349.441,433.222],[1345.238,684.855],[1577.571,597.64],[1628.337,799.24],[1827.763,714.705]],"c":true},"ix":1},"o":{"a":0,"k":100,"ix":3},"x":{"a":0,"k":0,"ix":4},"nm":"Mask 1"},{"inv":false,"mode":"f","pt":{"a":0,"k":{"i":[[-0.022,-0.013],[0,0],[-96.626,-68.465],[-52.52,-27.786],[-101.24,-66.539],[-60.267,-32.457],[-96.482,-68.364],[-52.52,-27.786],[-101.24,-66.54],[-60.329,-35.502],[0,0]],"o":[[0,0],[68.135,45.898],[59.378,42.073],[47.683,25.227],[51.97,34.157],[67.332,46.1],[59.378,42.073],[47.683,25.227],[52.36,34.413],[0,0],[0.022,0.013]],"v":[[872.763,152.705],[394.441,-128.778],[390.238,122.856],[622.57,35.64],[673.337,237.24],[871.414,151.947],[866.915,403.373],[1099.247,316.157],[1150.014,517.757],[1349.441,433.222],[872.697,152.668]],"c":true},"ix":1},"o":{"a":0,"k":100,"ix":3},"x":{"a":0,"k":0,"ix":4},"nm":"Mask 2"}],"ef":[{"ty":21,"nm":"Fill","np":9,"mn":"ADBE Fill","ix":1,"en":1,"ef":[{"ty":10,"nm":"Fill Mask","mn":"ADBE Fill-0001","ix":1,"v":{"a":0,"k":0,"ix":1}},{"ty":7,"nm":"All Masks","mn":"ADBE Fill-0007","ix":2,"v":{"a":0,"k":0,"ix":2}},{"ty":2,"nm":"Color","mn":"ADBE Fill-0002","ix":3,"v":{"a":0,"k":[0.313725471497,0.523644685745,1,1],"ix":3}},{"ty":7,"nm":"Invert","mn":"ADBE Fill-0006","ix":4,"v":{"a":0,"k":0,"ix":4}},{"ty":0,"nm":"Horizontal Feather","mn":"ADBE Fill-0003","ix":5,"v":{"a":0,"k":0,"ix":5}},{"ty":0,"nm":"Vertical Feather","mn":"ADBE Fill-0004","ix":6,"v":{"a":0,"k":0,"ix":6}},{"ty":0,"nm":"Opacity","mn":"ADBE Fill-0005","ix":7,"v":{"a":0,"k":1,"ix":7}}]}],"sw":1468,"sh":933,"sc":"#1a1797","ip":0,"op":737,"st":0,"bm":0},{"ddd":0,"ind":3,"ty":1,"nm":"Sólido Profundo Azul 2","sr":1,"ks":{"o":{"a":0,"k":56,"ix":11},"r":{"a":0,"k":0,"ix":10},"p":{"a":1,"k":[{"i":{"x":0.833,"y":1},"o":{"x":0.167,"y":0},"t":0,"s":[729,482.125,0],"to":[-81,0,0],"ti":[81,0,0]},{"t":57,"s":[243,482.125,0]}],"ix":2},"a":{"a":0,"k":[728.5,319.5,0],"ix":1},"s":{"a":0,"k":[100,100,100],"ix":6}},"ao":0,"hasMask":true,"masksProperties":[{"inv":false,"mode":"f","pt":{"a":0,"k":{"i":[[53.152,-9.619],[58.589,-6.79],[71.85,1.696],[72.037,-8.704],[53.069,-9.604],[58.589,-6.79],[71.851,1.696],[72.509,-8.057],[0,0],[0,0],[0,0]],"o":[[-60.363,10.924],[-47.609,5.518],[-57.276,-1.352],[-125.343,-10.223],[-60.363,10.924],[-47.609,5.518],[-57.387,-1.355],[0,0],[0,0],[0,0],[-126.111,-9.31]],"v":[[1335,170.55],[1236,472.55],[1087,290.55],[971.416,477.496],[850,170.55],[751,472.55],[602,290.55],[486,477.55],[971,477.55],[972,477.55],[1457,477.55]],"c":true},"ix":1},"o":{"a":0,"k":100,"ix":3},"x":{"a":0,"k":0,"ix":4},"nm":"Mask 1"},{"inv":false,"mode":"f","pt":{"a":0,"k":{"i":[[53.152,-9.619],[58.589,-6.79],[71.851,1.696],[72.509,-8.057],[0,0]],"o":[[-60.363,10.924],[-47.609,5.518],[-57.387,-1.355],[0,0],[-126.111,-9.31]],"v":[[364,170.55],[265,472.55],[116,290.55],[0,477.55],[486,477.55]],"c":true},"ix":1},"o":{"a":0,"k":100,"ix":3},"x":{"a":0,"k":0,"ix":4},"nm":"Mask 2"}],"ef":[{"ty":21,"nm":"Fill","np":9,"mn":"ADBE Fill","ix":1,"en":1,"ef":[{"ty":10,"nm":"Fill Mask","mn":"ADBE Fill-0001","ix":1,"v":{"a":0,"k":0,"ix":1}},{"ty":7,"nm":"All Masks","mn":"ADBE Fill-0007","ix":2,"v":{"a":0,"k":0,"ix":2}},{"ty":2,"nm":"Color","mn":"ADBE Fill-0002","ix":3,"v":{"a":0,"k":[0.168627440929,0.520738065243,1,1],"ix":3}},{"ty":7,"nm":"Invert","mn":"ADBE Fill-0006","ix":4,"v":{"a":0,"k":0,"ix":4}},{"ty":0,"nm":"Horizontal Feather","mn":"ADBE Fill-0003","ix":5,"v":{"a":0,"k":0,"ix":5}},{"ty":0,"nm":"Vertical Feather","mn":"ADBE Fill-0004","ix":6,"v":{"a":0,"k":0,"ix":6}},{"ty":0,"nm":"Opacity","mn":"ADBE Fill-0005","ix":7,"v":{"a":0,"k":1,"ix":7}}]}],"sw":1457,"sh":639,"sc":"#1a1797","ip":0,"op":737,"st":0,"bm":0},{"ddd":0,"ind":4,"ty":1,"nm":"Sólido Blanco 1","sr":1,"ks":{"o":{"a":0,"k":100,"ix":11},"r":{"a":0,"k":0,"ix":10},"p":{"a":1,"k":[{"i":{"x":0.833,"y":1},"o":{"x":0.167,"y":0},"t":0,"s":[150.5,700.5,0],"to":[0,-77.885,0],"ti":[0,77.885,0]},{"t":56,"s":[150.5,233.188,0]}],"ix":2},"a":{"a":0,"k":[150,700.5,0],"ix":1},"s":{"a":0,"k":[100,100,100],"ix":6}},"ao":0,"hasMask":true,"masksProperties":[{"inv":false,"mode":"f","pt":{"a":0,"k":{"i":[[9.236,51.038],[6.52,56.259],[-1.629,68.992],[7.736,69.625],[0,0]],"o":[[-10.489,-57.962],[-5.298,-45.716],[1.301,-55.104],[0,0],[8.94,-121.094]],"v":[[293.024,349.687],[3.038,254.625],[177.798,111.552],[-1.763,0.166],[-1.763,466.834]],"c":true},"ix":1},"o":{"a":0,"k":100,"ix":3},"x":{"a":0,"k":0,"ix":4},"nm":"Mask 1"},{"inv":false,"mode":"f","pt":{"a":0,"k":{"i":[[6.52,56.259],[-1.629,68.992],[7.736,69.625],[0,0],[9.236,51.038]],"o":[[-5.298,-45.716],[1.301,-55.104],[0,0],[8.94,-121.094],[-10.489,-57.962]],"v":[[3.038,721.625],[177.798,578.552],[-1.763,467.166],[-1.763,933.833],[293.024,816.687]],"c":true},"ix":1},"o":{"a":0,"k":100,"ix":3},"x":{"a":0,"k":0,"ix":4},"nm":"Mask 2"},{"inv":false,"mode":"f","pt":{"a":0,"k":{"i":[[6.52,56.258],[-1.629,68.992],[7.736,69.625],[0,0],[9.236,51.038]],"o":[[-5.298,-45.716],[1.301,-55.104],[0,0],[8.94,-121.094],[-10.489,-57.962]],"v":[[3.038,1188.625],[177.798,1045.552],[-1.763,934.167],[-1.763,1400.833],[293.024,1283.687]],"c":true},"ix":1},"o":{"a":0,"k":100,"ix":3},"x":{"a":0,"k":0,"ix":4},"nm":"Mask 3"}],"ef":[{"ty":21,"nm":"Fill","np":9,"mn":"ADBE Fill","ix":1,"en":1,"ef":[{"ty":10,"nm":"Fill Mask","mn":"ADBE Fill-0001","ix":1,"v":{"a":0,"k":0,"ix":1}},{"ty":7,"nm":"All Masks","mn":"ADBE Fill-0007","ix":2,"v":{"a":0,"k":0,"ix":2}},{"ty":2,"nm":"Color","mn":"ADBE Fill-0002","ix":3,"v":{"a":0,"k":[0.27450978756,0.786620438099,1,1],"ix":3}},{"ty":7,"nm":"Invert","mn":"ADBE Fill-0006","ix":4,"v":{"a":0,"k":0,"ix":4}},{"ty":0,"nm":"Horizontal Feather","mn":"ADBE Fill-0003","ix":5,"v":{"a":0,"k":0,"ix":5}},{"ty":0,"nm":"Vertical Feather","mn":"ADBE Fill-0004","ix":6,"v":{"a":0,"k":0,"ix":6}},{"ty":0,"nm":"Opacity","mn":"ADBE Fill-0005","ix":7,"v":{"a":0,"k":1,"ix":7}}]}],"sw":300,"sh":1401,"sc":"#ffffff","ip":0,"op":737,"st":0,"bm":0},{"ddd":0,"ind":5,"ty":1,"nm":"Sólido Magenta-Rojo 1","sr":1,"ks":{"o":{"a":0,"k":100,"ix":11},"r":{"a":0,"k":0,"ix":10},"p":{"a":0,"k":[154,319.5,0],"ix":2},"a":{"a":0,"k":[154,319.5,0],"ix":1},"s":{"a":0,"k":[-100,-100,100],"ix":6}},"ao":0,"hasMask":true,"masksProperties":[{"inv":false,"mode":"f","pt":{"a":0,"k":{"i":[[17.978,0],[0,0],[0,17.978],[0,0],[-17.978,0],[0,0],[0,-17.978],[0,0]],"o":[[0,0],[-17.978,0],[0,0],[0,-17.978],[0,0],[17.978,0],[0,0],[0,17.978]],"v":[[275.688,638.821],[32.312,638.821],[-0.24,606.269],[-0.24,32.731],[32.312,0.179],[275.688,0.179],[308.24,32.731],[308.24,606.269]],"c":true},"ix":1},"o":{"a":0,"k":100,"ix":3},"x":{"a":0,"k":0,"ix":4},"nm":"Mask 1"}],"ef":[{"ty":21,"nm":"Fill","np":9,"mn":"ADBE Fill","ix":1,"en":1,"ef":[{"ty":10,"nm":"Fill Mask","mn":"ADBE Fill-0001","ix":1,"v":{"a":0,"k":0,"ix":1}},{"ty":7,"nm":"All Masks","mn":"ADBE Fill-0007","ix":2,"v":{"a":0,"k":0,"ix":2}},{"ty":2,"nm":"Color","mn":"ADBE Fill-0002","ix":3,"v":{"a":0,"k":[0.24313724041,0.67054194212,1,1],"ix":3}},{"ty":7,"nm":"Invert","mn":"ADBE Fill-0006","ix":4,"v":{"a":0,"k":0,"ix":4}},{"ty":0,"nm":"Horizontal Feather","mn":"ADBE Fill-0003","ix":5,"v":{"a":0,"k":0,"ix":5}},{"ty":0,"nm":"Vertical Feather","mn":"ADBE Fill-0004","ix":6,"v":{"a":0,"k":0,"ix":6}},{"ty":0,"nm":"Opacity","mn":"ADBE Fill-0005","ix":7,"v":{"a":0,"k":1,"ix":7}}]}],"sw":308,"sh":639,"sc":"#ff2977","ip":0,"op":737,"st":0,"bm":0}]}],"layers":[{"ddd":0,"ind":1,"ty":0,"nm":"group","refId":"comp_0","sr":1,"ks":{"o":{"a":0,"k":100,"ix":11},"r":{"a":0,"k":0,"ix":10},"p":{"a":0,"k":[154,319.5,0],"ix":2},"a":{"a":0,"k":[154,319.5,0],"ix":1},"s":{"a":0,"k":[100,100,100],"ix":6}},"ao":0,"hasMask":true,"masksProperties":[{"inv":false,"mode":"f","pt":{"a":0,"k":{"i":[[17.978,0],[0,0],[0,17.978],[0,0],[-17.978,0],[0,0],[0,-17.978],[0,0]],"o":[[0,0],[-17.978,0],[0,0],[0,-17.978],[0,0],[17.978,0],[0,0],[0,17.978]],"v":[[275.688,638.821],[32.312,638.821],[-0.24,606.269],[-0.24,32.731],[32.312,0.179],[275.688,0.179],[308.24,32.731],[308.24,606.269]],"c":true},"ix":1},"o":{"a":0,"k":100,"ix":3},"x":{"a":0,"k":0,"ix":4},"nm":"Mask 1"}],"w":308,"h":639,"ip":0,"op":737,"st":0,"bm":0}],"markers":[]}